DESCRICAO;VL_SALDO_FINAL
Cobertura Assistencial com PreÃÂ§o Preestabelecido;848570028804.75
PASSIVO;724936456454.4401
ATIVO;723808391999.08
RECEITAS;706545204025.38
DESPESAS;691867001245.13
RECEITAS COM OPERAÃÂÃÂES DE ASSISTÃÂNCIA A SAÃÂDE;631270924822.78
CONTRAPRESTAÃÂÃÂES EMITIDAS / PRÃÂMIOS EMITIDOS DE ASSISTÃÂNCIA A SAÃÂDE;630403929152.17
CONTRAPRESTAÃÂÃÂES LÃÂQUIDAS / PRÃÂMIOS RETIDOS;621702570751.69
CONTRAPRESTAÃÂÃÂES EMITIDAS / PRÃÂMIOS EMITIDOS DE ASSISTÃÂNCIA MÃÂDICO-HOSPITALAR;614087294738.22
Despesas com Eventos / Sinistros;596073372714.16
EVENTOS INDENIZÃÂVEIS LÃÂQUIDOS / SINISTROS RETIDOS;535108009787.59
EVENTOS/SINISTROS CONHECIDOS OU AVISADOS DE ASSISTÃÂNCIA ÃÂ SAÃÂDE;520420445217.34
EVENTOS/ SINISTROS CONHECIDOS OU AVISADOS  DE ASSISTÃÂNCIA A SAÃÂDE MEDICO HOSPITALAR ;513547841654.11
Cobertura Assistencial com PreÃÂ§o PrÃÂ©-estabelecido;507965991513.76
Capital Social Nacional;434150135615.46
ContraprestaÃÂ§ÃÂ£o Emitida;431386413011.06
ATIVO CIRCULANTE;368794732414.24
Planos Coletivos Empresariais depois da lei;366778314656.54
PATRIMÃÂNIO LÃÂQUIDO / PATRIMÃÂNIO SOCIAL;358820612795.92
ATIVO NÃÂO CIRCULANTE;355013659588.04
PROVISÃÂES TÃÂCNICAS DE OPERAÃÂÃÂES DE ASSISTÃÂNCIA ÃÂ SAÃÂDE;351881381740.44
Valor Original;328821971847.39
EVENTOS/ SINISTROS CONHECIDOS OU AVISADOS NA MODALIDADE DE PAGAMENTO POR PROCEDIMENTO;307320193176.12
Planos Coletivos Empresariais depois da  Lei;299249584940.27
CAPITAL SOCIAL SUBSCRITO / PATRIMÃÂNIO SOCIAL;283976746180.93
CAPITAL SOCIAL/PATRIMÃÂNIO SOCIAL;282994739446.97
APLICAÃÂÃÂES FINANCEIRAS;262828377465.34
PASSIVO CIRCULANTE;249391914652.87
CAPITAL SOCIAL NACIONAL;217075067807.73
Cotas de Fundos de Investimentos;214067979028.59
TÃÂ­tulos de Renda Fixa - Privados;201100647270.63
PatrimÃÂ´nio Social;198305883460.17
PROVISÃÂES TÃÂCNICAS DE OPERAÃÂÃÂES DE ASSISTÃÂNCIA MÃÂDICO-HOSPITALAR;198149592536.81
TÃÂTULOS DE RENDA FIXA - PRIVADOS;191398306016.53
APLICAÃÂÃÂES GARANTIDORAS DE PROVISÃÂES TÃÂCNICAS;173935160534.5
Capital Social - Cotas;166395115720.32
APLICAÃÂÃÂES LIVRES;156652784102.25
REALIZÃÂVEL A LONGO PRAZO;152661080956.14
Premios Emitidos - Seguros Diretos;150271716586.63998
Reservas de Lucros ;145538449444.42
Custo de AquisiÃÂ§ÃÂ£o;142542175846.12
TÃÂ­tulos de Renda Fixa - PÃÂºblicos;124284214587.81
TÃÂTULOS DE RENDA FIXA - PÃÂBLICOS;124284214587.81
Planos Individuais/Familiares pÃÂ³s - Lei;117354923162.31
PASSIVO NÃÂO CIRCULANTE;116723929001.51
Despesas com Eventos / Sinistros na modalidade de pagamento por procedimento;112001442139.35
Planos Individuais/FamiliaresÃÂ depois da Lei;97497439008.04
RESERVAS;96686045129.42
RESERVAS DE LUCROS / SOBRAS / RETENÃÂÃÂO DE SUPERÃÂVITS;95158701463.22
RESERVAS DE LUCROS ;95158701463.22
DÃÂBITOS DIVERSOS;88621693959.4
PROVISÃÂES;83409470054.98
IMOBILIZADO;78781489207.14
INVESTIMENTOS;78363002511.73
Planos Coletivos por AdesÃÂ£o depois da lei;78133607488.36
ProvisÃÂµes para AÃÂ§ÃÂµes Judiciais;75019807504.26
OUTRAS DESPESAS OPERACIONAIS;74688982767.78
Planos Coletivos por AdesÃÂ£o depois da  Lei;73141057879.09
PARTICIPAÃÂÃÂES SOCIETÃÂRIAS PELO MÃÂTODO DE EQUIVALÃÂNCIA PATRIMONIAL;70901652671.98
ProvisÃÂ£o para Eventos/Sinistros Ocorridos e NÃÂ£o Avisados (PEONA);69818857751.18001
ProvisÃÂ£o de Eventos/Sinistros a Liquidar para Outros Prestadores de ServiÃÂ§os Assistenciais;69199685673.13
DepÃÂ³sitos Judiciais e Fiscais;66658803900.6
DEPÃÂSITOS JUDICIAIS E FISCAIS;66658803900.6
PATRIMÃÂNIO SOCIAL;66101961153.39
ProvisÃÂ£o para Eventos/Sinistros Ocorridos e NÃÂ£o Avisados (PEONA) - Outros Prestadores;65767741362.74
DESPESAS ADMINISTRATIVAS;65178649372.29
HOSPITALARES/ODONTOLÃÂGICOS;63866398017.61
Hospitalares/OdontolÃÂ³gicos;63866398017.61
RECEITAS DE ASSISTÃÂNCIA ÃÂ SAÃÂDE NÃÂO RELACIONADAS COM PLANOS DE SAÃÂDE DA OPERADORA;61558583593.88
EVENTOS/ SINISTROS CONHECIDOS OU AVISADOS  POR RATEIO DE CUSTOS DE RECURSOS PRÃÂPRIOS;60328530483.96
ATIVO FISCAL DIFERIDO;58706989201.72
Rede Contratada/Credenciada;57409880699.69
Valor Patrimonial;56666267526.98
TÃÂ­tulos da DÃÂ­vida PÃÂºblica Interna;56579921594.57
EVENTOS/ SINISTROS CONHECIDOS OU AVISADOS  NA MODALIDADE DE PAGAMENTO POR PACOTE;55440039304.48
PROVISÃÂES TÃÂCNICAS DE OPERAÃÂÃÂES DE ASSISTÃÂNCIA A SAÃÂDE;49523928193.14
EVENTOS/ SINISTROS CONHECIDOS OU AVISADOS PRESTADOS POR REDE INDIRETA;48424987696.08
AÃÂ§ÃÂµes OrdinÃÂ¡rias;48277029280.93
CRÃÂDITOS DE OPERAÃÂÃÂES COM PLANOS DE ASSISTÃÂNCIA ÃÂ SAÃÂDE;46867443091.07
INTANGÃÂVEL;45208086910.65
ATIVO INTANGÃÂVEL;45208086910.65
Reservas de Sobras/RetenÃÂ§ÃÂ£o de SuperÃÂ¡vits;44778953481.85
OUTRAS RECEITAS OPERACIONAIS;44765392813.82
Outras Exigibilidades de longo Prazo;43470607359.94
ContraprestaÃÂ§ÃÂ£o PecuniÃÂ¡ria/PrÃÂªmios a Receber;43425784376.23
DepÃÂ³sitos BancÃÂ¡rios a Prazo - CDB/RDB;41340660637.74
Planos Individuais/Familiares antes da Lei;41005696605.05
Cobertura Assistencial com PreÃÂ§o PÃÂ³s-estabelecido;40812758893.25
Despesas com PrestaÃÂ§ÃÂ£o de ServiÃÂ§os;39579657138.65
PROVISÃÂES PARA AÃÂÃÂES JUDICIAIS;38609290199.47
RECEITAS FINANCEIRAS;38353745992.44
AÃÂ§ÃÂµes / Quotas de Empresas - Controladas;38119522461.7
TRIBUTOS E ENCARGOS SOCIAIS A RECOLHER;37422543048.24
EmprÃÂ©stimos;34078206001.43
CONTRAPRESTAÃÂÃÂO PECUNIÃÂRIA/PRÃÂMIO A RECEBER;33452874319.420002
ProvisÃÂµes de PrÃÂªmios/ContraprestaÃÂ§ÃÂ£o;32883629677.45
Outras Despesas Operacionais;32823640377.46
Receitas com Cotas de Fundos de Investimentos;32820285954.420002
DESPESAS COM EMPREGADOS;32609707419.68
Despesas com Empregados;32609707419.66
CONTRAPRESTAÃÂÃÂO PECUNIÃÂRIA/PRÃÂMIOS A RECEBER DE ASSISTÃÂNCIA MÃÂDICO HOSPITALAR;32569969455.31
EMPRÃÂSTIMOS E FINANCIAMENTOS A PAGAR;32084532652.3
RECEITAS DE APLICAÃÂÃÂES FINANCEIRAS;31843729911.46
OUTRAS DESPESAS OPERACIONAIS DE ASSISTÃÂNCIA ÃÂ SAÃÂDE NÃÂO RELACIONADAS COM PLANO DE SAÃÂDE DA OPERADORA;31714153537.18
Receitas com OperaÃÂ§ÃÂµes de AssistÃÂªncia MÃÂ©dico-Hospitalar;31589569443.56
Fornecedores;31333175041.53
IMÃÂVEIS DE USO PRÃÂPRIO;31327227073.01
Reservas EstatutÃÂ¡rias;30105485961.079998
Custo de aquisiÃÂ§ÃÂ£o;29450343780.82
Ativo Fiscal Diferido;29353494600.86
Lucros/SuperÃÂ¡vits Apurados;28891970229.12
ParticipaÃÂ§ÃÂµes SocietÃÂ¡rias em Rede Hospitalar;28886973693.47
PARTICIPAÃÂÃÂES SOCIETÃÂRIAS EM REDE HOSPITALAR;28886973693.469997
AÃÂ§ÃÂµes/Quotas de Empresas - Controladas;28884075789.079998
DESPESAS COM PESSOAL PRÃÂPRIO;28834355903.86
Outros DÃÂ©bitos a Pagar;27424781179.34
REMUNERAÃÂÃÂO POR SERVIÃÂOS DE TERCEIROS;27069454364.84
RemuneraÃÂ§ÃÂ£o por ServiÃÂ§os de Terceiros;27069454364.82
EVENTOS/ SINISTROS CONHECIDOS OU AVISADOS -  REEMBOLSO;26886947110.77
Outras Receitas Operacionais;25921208163.39
EdificaÃÂ§ÃÂµes;25652519728.81
Planos Coletivos Empresariais antes da Lei;25421677467.45
RECEITAS COM TÃÂTULOS DE RENDA FIXA PRIVADOS;24278605415.72
Outros Ativos IntangÃÂ­veis;23414784007.46
BENS E TÃÂTULOS A RECEBER;23149724860.98
ContribuiÃÂ§ÃÂ£o para Auto GestÃÂ£o - Recurso do Participante;22987732528.9
EMPRÃÂSTIMOS;22640012538.37
CrÃÂ©ditos TributÃÂ¡rios;22293073709.9
ApuraÃÂ§ÃÂ£o do Resultado do PerÃÂ­odo;21830047012.78
APURAÃÂÃÂO DO RESULTADO DO PERÃÂODO;21830047012.62
ParticipaÃÂ§ÃÂµes em Operadora de Planos de AssistÃÂªncia ÃÂ  SaÃÂºde;21828159363.19
PARTICIPAÃÂÃÂES EM OPERADORA DE PLANOS DE ASSISTÃÂNCIA A SAÃÂDE;21828159363.19
OUTRAS EXIGIBILIDADES DE LONGO PRAZO;21735303679.97
Passivo de Arrendamentos - Valor Presente;21333098323.6
COMISSÃÂO E AGENCIAMENTO SOBRE OPERAÃÂÃÂES DE ASSISTÃÂNCIA ÃÂ SAÃÂDE;21262958208.62
DESPESAS DE COMERCIALIZAÃÂÃÂO;21262958208.62
ObrigaÃÂ§ÃÂµes com Pessoal;21210384643.36
OBRIGAÃÂÃÂES COM PESSOAL;21210384643.36
CONTRAPRESTAÃÂÃÂES PECUNIÃÂRIAS;21159941285.96
Cobertura Assistencial com PreÃÂ§o PÃÂ³s Estabelecido;20792499717.67
Imposto de Renda (IRPJ);20729613289.2
OUTRAS DESPESAS OPERACIONAIS COM PLANOS DE ASSISTÃÂNCIA ÃÂ SAÃÂDE DA OPERADORA;20672511780.95
FORNECEDORES;20592760581.26
Outras Despesas de OperaÃÂ§ÃÂµes de AssistÃÂªncia MÃÂ©dico-Hospitalar;20363434222.4
ProvisÃÂ£o Sobre Contraprest. PecuniÃÂ¡rias/PrÃÂªmios a Receber de Assist. MÃÂ©d-Hospitalar;20107368626.56
ComissÃÂ£o/Agenciamento;20091909955.57
OUTROS DÃÂBITOS A PAGAR;19799862717.78
CONTRAPRESTAÃÂÃÂES PECUNIÃÂRIAS/PRÃÂMIOS DE SEGURO - MÃÂDICO HOSPITALAR;19586557442.24
IMÃÂVEIS - HOSPITALARES/ODONTOLÃÂGICOS;19518872030.01
ImÃÂ³veis - Hospitalares/OdontolÃÂ³gicos;19518872030.01
OUTROS BENS E TÃÂTULOS A RECEBER;19321522789.72
Outros Bens e TÃÂ­tulos a Receber;19321522789.72
Tributos e ContribuiÃÂ§ÃÂµes;19273131727.42
DESPESAS COM OPERAÃÂÃÂES DE ASSISTÃÂNCIA A SAÃÂDE;19157165797.88
DESPESAS COM OPERAÃÂÃÂES DE ASSISTÃÂNCIA MÃÂDICO-HOSPITALAR;18959798368.85
VariaÃÂ§ÃÂ£o da ProvisÃÂ£o de Eventos/Sinistros Ocorridos e NÃÂ£o Avisados de AssistÃÂªncia MÃÂ©dico-Hospitalar;18580652697.78
DepÃÂ³sitos Judiciais e Fiscais - Tributos;18338417373.13
RECEITAS COM COTAS DE FUNDOS DE INVESTIMENTOS;18182701106.3
Outras Despesas;18019420417.17
RECEITAS PATRIMONIAIS;17868049224.0
Coletivo sem Administradora de BenefÃÂ­cios como Estipulante;17846099807.91
TRIBUTOS E CONTRIBUIÃÂÃÂES;17721170033.72
Outras Reservas de Lucros / Sobras / RetenÃÂ§ÃÂ£o de SuperÃÂ¡vits;17427137071.86
ProvisÃÂ£o para AÃÂ§ÃÂµes TributÃÂ¡rias;17307112927.39
CrÃÂ©dito TributÃÂ¡rio sobre DiferenÃÂ§as TemporÃÂ¡rias;17168951643.710001
Sistema de ComputaÃÂ§ÃÂ£o;16893718409.58
Receitas com PrestaÃÂ§ÃÂ£o de ServiÃÂ§os;16854680587.85
Outros CrÃÂ©ditos a Receber a Longo Prazo;16500755767.26
Outros TÃÂ­tulos de Renda Fixa;16355932430.9
NÃÂ£o Hospitalares/NÃÂ£o OdontolÃÂ³gicos;16328149367.97
CONTRAPRESTAÃÂÃÂES EMITIDAS / PRÃÂMIOS EMITIDOS DE ASSISTÃÂNCIA ODONTOLÃÂGICA;16316634413.69
CRÃÂDITOS TRIBUTÃÂRIOS E PREVIDÃÂNCIÃÂRIOS;16241216509.710001
Direito de Uso de Arrendamentos;16016119562.65
DIREITO DE USO DE ARRENDAMENTOS;16016119562.48
IMOBILIZADO DE USO PRÃÂPRIO;15937960133.92
RECEITAS COM OPERAÃÂÃÂES DE ASSISTÃÂNCIA MÃÂDICO-HOSPITALAR;15809321784.46
Planos Coletivos por AdesÃÂ£o antes da Lei;15539447646.96
ComissÃÂµes/Agenciamentos Diferidos com Planos de AssistÃÂªncia MÃÂ©dico-Hospitalar;15486520124.39
PARTICIPAÃÂÃÂES EM INSTITUIÃÂÃÂES NÃÂO REGULADAS;15455926500.37
ParticipaÃÂ§ÃÂµes em InstituiÃÂ§ÃÂµes NÃÂ£o Reguladas;15455926500.37
EmprÃÂ©stimos BancÃÂ¡rios;15277417189.8
ProvisÃÂ£o para AÃÂ§ÃÂµes Civeis;15119195686.34
CRÃÂDITOS DE OPERAÃÂÃÂES DE ASSISTÃÂNCIA ÃÂ SAÃÂDE NÃÂO RELACIONADOS COM PLANOS DE SAÃÂDE DA OPERADORA;14766787926.02
ProvisÃÂ£o de Eventos/Sinistros a Liquidar para o SUS;14656660264.85
Corresponsabilidade Assumida;14525116701.52
ContribuiÃÂ§ÃÂ£o para Auto GestÃÂ£o - Recurso do Patrocinador;14069966662.27
RETENÃÂÃÂES DE IMPOSTOS E CONTRIBUIÃÂÃÂES;14015468902.619999
RetenÃÂ§ÃÂµes de Imposto e ContribuiÃÂ§ÃÂµes;14015468902.619999
Fundo de AssistÃÂªncia TÃÂ©cnica, Educacional e Social (F.A.T.E.S.);13835343907.34
Estoques;13805543742.14
CONTAS DE DESTINAÃÂÃÂO/APURAÃÂÃÂO DE RESULTADO;13792812107.61
NÃÂO HOSPITALARES/NÃÂO ODONTOLÃÂGICOS;13623203126.49
DESPESAS COM SERVIÃÂOS DE TERCEIROS;13622900655.53
Receitas com DepÃÂ³sitos BancÃÂ¡rios a Prazo - CDB e RDB;13545529175.4
Bancos Conta Movimento;13535212940.43
Despesas com PrestaÃÂ§ÃÂ£o de ServiÃÂ§os - Outros;13528164288.39
Fundo de Reserva;13516472503.37
DESPESAS PATRIMONIAIS;13415775530.78
ProvisÃÂ£o de InsuficiÃÂªncia de PrÃÂªmios;13335640242.54
ProvisÃÂ£o de PrÃÂªmio/ContraprestaÃÂ§ÃÂ£o NÃÂ£o Ganha - Planos Coletivos;13090686278.95
Cobertura Assistencial com PreÃÂ§o Preestabelecido - Coletivos Empresariais;13066447322.17
DESPESAS FINANCEIRAS;12771798643.16
NÃÂO HOSPITALARES/ODONTOLÃÂGICOS;12467801661.960001
NÃÂ£o Hospitalares/OdontolÃÂ³gicos;12467801661.960001
Outros DÃÂ©bitos;12426212814.82
Imposto de Renda;12329614568.74
ADIANTAMENTOS;12297007824.12
Adiantamentos;12297007824.12
OUTRAS DESPESAS DE OPERAÃÂÃÂES DE PLANOS DE ASSISTÃÂNCIA A SAÃÂDE;12251209979.91
CrÃÂ©dito TributÃÂ¡rio sobre PrejuÃÂ­zo Fiscal;12184542957.32
RECEITAS COM TÃÂTULOS DE RENDA FIXA PÃÂBLICOS;12080591483.26
ImÃÂ³veis - NÃÂ£o Hospitalares/OdontolÃÂ³gicos;11808355042.86
IMÃÂVEIS - NÃÂO HOSPITALARES/ODONTOLÃÂGICOS;11808355042.86
OUTRAS DESPESAS DE OPERAÃÂÃÂES DE PLANOS DE ASSISTÃÂNCIA MÃÂDICO-HOSPITALAR;11778813917.2
EVENTOS/ SINISTROS CONHECIDOS OU AVISADOS  NA MODALIDADE DE PAGAMENTO POR CAPITATION;11773704610.73
SalÃÂ¡rios e Ordenados;11720607487.74
APLICAÃÂÃÂES DE LIQUIDEZ IMEDIATA;11656006552.16
AplicaÃÂ§ÃÂµes de Liquidez Imediata;11656006552.16
Goodwill de investimentos incorporados;11572423930.14
Goodwill;11546110872.36
COMISSÃÂES/AGENCIAMENTOS DIFERIDOS COM PLANOS DE ASSISTÃÂNCIA MÃÂDICO-HOSPITALAR;11518868214.33
Despesas com Encargos Sociais;11367456510.18
DESPESAS COM ENCARGOS SOCIAIS;11297006229.48
OscilaÃÂ§ÃÂ£o do Valor de Cotas;11274071839.15
DÃÂBITOS DE OPERAÃÂÃÂES DE ASSISTÃÂNCIA ÃÂ SAÃÂDE;11182359544.17
Despesas com ProvisÃÂ£o para ContingÃÂªncias;11172762031.35
Juros;11066098306.64
DESPESAS COM LOCALIZAÃÂÃÂO E FUNCIONAMENTO;10869218506.95
Outras ProvisÃÂµes TÃÂ©cnicas;10790888627.06
Outras ProvisÃÂµes TÃÂ©cnicas - Autorizadas;10790499441.43
DISPONÃÂVEL;10614025466.91
Parcelamento de Tributos e ContribuiÃÂ§ÃÂµes;10474435197.68
Outros CrÃÂ©ditos ou Bens a Receber;10278116149.96
Planos Coletivos Empresariais depois  da Lei;10265291685.85
Receitas com TÃÂ­tulos da DÃÂ­vida PÃÂºblica Interna;10223002937.88
CRÃÂDITOS TRIBUTÃÂRIOS;10189359309.52
CRÃÂDITOS TRIBUTÃÂRIOS E PREVIDÃÂNCIARIOS;10189359309.52
Despesas Diversas;10156053387.66
DESPESAS ADMINISTRATIVAS DIVERSAS;10156053387.6
IMOBILIZAÃÂÃÂES EM CURSO;9938179361.11
OPERADORAS DE PLANOS DE ASSISTÃÂNCIA ÃÂ SAÃÂDE;9775734031.08
ESTOQUE;9756940485.82
TÃÂTULOS DE RENDAS FIXA;9702341254.1
OPERADORAS DE PLANOS DE ASSISTÃÂNCIA MÃÂDICO-HOSPITALAR;9664960258.29
Coletivo sem Administradora de BenefÃÂ­cios como Estipulante - Reembolso;9639577749.64
Ajuste ao Valor de Mercado;9598828237.69
AJUSTES POSITIVOS DE INVESTIMENTOS EM CONTROLADAS E COLIGADAS;9522203354.2
Ajustes Positivos de Investimentos em Controladas e Coligadas;9522203354.2
OUTRAS RECEITAS OPERACIONAIS DE PLANOS DE ASSISTÃÂNCIA ÃÂ SAÃÂDE;9454130941.88
VARIAÃÂÃÂO DA PROVISÃÂO DE EVENTOS/SINISTROS OCORRIDOS E NÃÂO AVISADOS DE ASSISTÃÂNCIA MÃÂDICO-HOSPITALAR;9290326348.89
VARIAÃÂÃÂO DA PROVISÃÂO DE EVENTOS/SINISTROS OCORRIDOS E NÃÂO AVISADOS DE ASSISTÃÂNCIA A SAÃÂDE;9201742375.32
VARIAÃÂÃÂO DA PROVISÃÂO DE EVENTOS/SINISTROS OCORRIDOS E NÃÂO AVISADOS;9201742375.32
MÃÂ¡quinas e equipamentos;9027457531.15
BANCOS CONTA MOVIMENTO;9023475293.62
ProvisÃÂ£o de Eventos/Sinistros Ocorridos e NÃÂ£o Avisados - Outros Prestadores;9017117005.56
ProvisÃÂµes para Tributos Diferidos;8712062997.58
Resultado de EquivalÃÂªncia Patrimonial;8697201264.5
PARTICIPAÃÂÃÂES SOCIETÃÂRIAS PELO MÃÂTODO DE CUSTO;8668421234.9
Despesas Financeiras Diversas;8639030949.9
ContribuiÃÂ§ÃÂ£o Social Sobre o Lucro LÃÂ­quido (CSLL);8623881312.05
Contas a Receber;8570289204.38
DESPESAS COM BENS INTANGÃÂVEIS;8231521302.84
Despesas com Bens IntangÃÂ­veis;8231521302.84
Imposto de Renda da Pessoa JurÃÂ­dica - IRPJ;8152083696.84
IMPOSTO DE RENDA;8152083696.82
Ajustes Negativos de Investimentos em Controladas e Coligadas;8127960175.18
AJUSTES NEGATIVOS DE INVESTIMENTOS EM CONTROLADAS E COLIGADAS;8127960175.18
Outras Receitas;8120445600.13
Reserva de RetenÃÂ§ÃÂ£o de Lucros;7674846240.940001
Adiantamento para Futuro Aumento de Capital;7384354245.45
ADIANTAMENTO PARA FUTURO AUMENTO DE CAPITAL;7384354245.45
CRÃÂDITOS A RECEBER DE PRESTAÃÂÃÂO DE SERVIÃÂOS DE ASSISTÃÂNCIA MÃÂDICO-HOSPITALAR;7361400571.0
Contas a Receber de PrestaÃÂ§ÃÂ£o de ServiÃÂ§os MÃÂ©dico-Hospitalar;7361400571.0
Outras Exigibilidades de Longo Prazo;7335053401.71
APURAÃÂÃÂO DO RESULTADO;7276682337.54
Terrenos;7250621589.67
IntercÃÂ¢mbio a Pagar de Corresponsabilidade Cedida - PreÃÂ§o PÃÂ³s-estabelecido;7157921775.9
PROVISÃÂO PARA PERDAS SOBRE CRÃÂDITOS;7136678511.51
ContraprestaÃÂ§ÃÂ£o Corresponsabilidade Assumida;7104429991.37
ImÃÂ³veis em construÃÂ§ÃÂ£o;7050543597.27
EVENTOS/SINISTROS  DE ASSISTÃÂNCIA ODONTOLÃÂGICA ;6872603561.87
Outras Despesas de Seguro;6868992657.599999
ContraprestaÃÂ§ÃÂ£o PecuniÃÂ¡ria/PrÃÂªmios Recebidos Antecipadamente - AssistÃÂªncia MÃÂ©dico Hospitalar;6818131710.03
ProvisÃÂ£o de PrÃÂªmio/ContraprestaÃÂ§ÃÂ£o NÃÂ£o Ganha - Planos Individuais/Familiares;6794997259.78
RECEITAS COM DEPÃÂSITOS BANCÃÂRIOS A PRAZO - CDB E RDB;6772764587.7
PARCELAMENTO DE TRIBUTOS E CONTRIBUIÃÂÃÂES;6710806413.28
Receitas com OperaÃÂ§ÃÂµes de AssistÃÂªncia MÃÂ©dico-Hospitalar (SUS);6697801941.72
PROVISÃÂO PARA PERDAS SOBRE CRÃÂDITOS - MÃÂDICO HOSPITALAR;6631109343.46
ProvisÃÂ£o para Perdas sobre CrÃÂ©ditos - MÃÂ©dico Hospitalar;6631109343.46
LUCRO NA ALIENAÃÂÃÂO DE BENS DO ATIVO NÃÂO CIRCULANTE;6582822560.46
Lucro na AlienaÃÂ§ÃÂ£o de Bens do Ativo NÃÂ£o Circulante;6582822560.46
Receita de DiferenÃÂ§a de Tabela;6573778760.23
IMPOSTOS E PARTICIPAÃÂÃÂES SOBRE O LUCRO;6516129770.27
OUTRAS DESPESAS FINANCEIRAS;6489210686.5
ComissÃÂµes/Agenciamentos Diferidos - Seguros;6452879260.7
RECEITAS COM ADMINISTRAÃÂÃÂO;6448945971.83
RECEITAS COM ADMINISTRAÃÂÃÂO DE BENEFÃÂCIOS;6448945971.83
Taxa de AdministraÃÂ§ÃÂ£o de BenefÃÂ­cios - Contratos Estipulados/NÃÂ£o Estipulados;6448945971.34
TAXA DE ADMINISTRAÃÂÃÂO MÃÂDICO-HOSPITALAR;6393988808.55
Taxa de AdministraÃÂ§ÃÂ£o de BenefÃÂ­cios - MÃÂ©dico-Hospitalar;6393988808.55
ProvisÃÂ£o de Eventos/Sinistros a Liquidar para o SUS - AÃÂ§ÃÂ£o Judicial com DepÃÂ³sito Judicial;6371969893.24
DepÃÂ³sitos Judiciais - Ressarcimento SUS;6363031362.62
ContraprestaÃÂ§ÃÂ£o Corresponsabilidade Assumida - Reembolso;6333835429.84
AlimentaÃÂ§ÃÂ£o ao Trabalhador;6298282917.12
Reembolso;6272291469.27
Receitas com Outras OperaÃÂ§ÃÂµes de Planos de AssistÃÂªncia MÃÂ©dico-Hospitalar;6239577554.16
DESPESAS FINANCEIRAS DIVERSAS;6225725142.58
ParticipaÃÂ§ÃÂµes em InstituiÃÂ§ÃÂµes Reguladas (SUSEP, BACEN, PREVIC);6130925025.13
CRÃÂDITOS TRIBUTÃÂRIOS E PREVIDENCIÃÂRIOS;6051857200.190001
DESPESAS DE COMERCIALIZAÃÂÃÂO DIFERIDAS;6044812824.81
Taxa de AdministraÃÂ§ÃÂ£o de BenefÃÂ­cios - Contratos Estipulados;6022216691.66
DÃÂBITOS A PRESTADORES DE SERVIÃÂOS DE ASSISTÃÂNCIA ÃÂ SAÃÂDE;5972913705.22
Prestadores de ServiÃÂ§os de AssistÃÂªncia ÃÂ  SaÃÂºde;5972913705.22
Publicidade e Propaganda;5971417042.08
IMPOSTOS E CONTRIBUIÃÂÃÂES;5961162869.2699995
Outras Receitas com Seguro ;5911135039.24
OUTRAS RECEITAS COM SEGURO;5911135039.24
AplicaÃÂ§ÃÂµes de liquidez imediata;5828003276.08
DESPESAS DIFERIDAS;5798536719.58
COMISSÃÂES DIFERIDAS COM OPERAÃÂÃÂES DE ASSISTÃÂNCIA A SAÃÂDE;5795077925.02
DepÃÂ³sitos Judiciais - Civeis;5781743432.7300005
RECEITAS FINANCEIRAS DIVERSAS;5687960655.84
Receitas Financeiras Diversas;5687960655.82
Taxa de AdministraÃÂ§ÃÂ£o;5640831789.43
EVENTOS/ SINISTROS CONHECIDOS OU AVISADOS EM OUTRAS FORMAS DE PAGAMENTO;5628863578.79
Despesas com Eventos/Sinistros - Judicial;5584290413.650001
FÃÂ©rias;5564740867.6
OUTRAS IMOBILIZAÃÂÃÂES;5562003076.64
AtualizaÃÂ§ÃÂ£o MonetÃÂ¡ria;5433395217.01
OUTROS CRÃÂDITOS A RECEBER E DIREITOS A LONGO PRAZO;5381961091.0
TÃÂTULOS A RECEBER;5375987042.92
ProvisÃÂ£o Sobre ContraprestaÃÂ§ÃÂ£o PecuniÃÂ¡rias/PrÃÂªmios a Receber de AssistÃÂªncia MÃÂ©dico-Hospitalar;5360832019.83
Outros;5336740693.46
Outros Impostos e ContribuiÃÂ§ÃÂµes a Recolher;5302612494.99
OUTROS CRÃÂDITOS A RECEBER A LONGO PRAZO;5280465619.36
TÃÂ­tulos a Receber;5268646087.26
Outros TÃÂ­tulos a Receber;5240346279.34
DESPESAS DIVERSAS;5078026693.8
DESPESAS DE SEGURO;5059543683.63
RECEITAS COM SEGURO;5055584959.34
Outras Despesas com LocalizaÃÂ§ÃÂ£o e Funcionamento;5047624821.44
Imobilizado;5021343685.42
Reserva Legal;4930606076.79
Outros Tributos e ContribuiÃÂ§ÃÂµes;4875780582.34
OUTRAS RECEITAS FINANCEIRAS;4848915865.53
PREJUÃÂZO NA ALIENAÃÂÃÂO OU BAIXA DE BENS DO ATIVO NÃÂO CIRCULANTE;4835471399.16
PrejuÃÂ­zo na AlienaÃÂ§ÃÂ£o ou Baixa de Bens do Ativo NÃÂ£o Circulante;4835471399.16
COMPENSAÃÂÃÂO - PASSIVO;4795189573.36
RECEITAS COM SINISTROS;4792204129.84
Receitas com Sinistros;4792204129.84
COMPENSAÃÂÃÂO - ATIVO;4790221950.5199995
Outras AplicaÃÂ§ÃÂµes;4736582551.32
AquisiÃÂ§ÃÂ£o de Carteira de Plano de AssistÃÂªncia ÃÂ  SaÃÂºde;4699748227.06
OUTRAS DESPESAS COM LOCALIZAÃÂÃÂO E FUNCIONAMENTO;4654012302.34
Financiamentos;4633900448.98
PUBLICIDADE E PROPAGANDA;4617753475.92
Individual;4615835660.69
OUTRAS DESPESAS DE SEGURO;4579328438.4
Passivo TributÃÂ¡rio a Receber de Cooperados;4532000884.74
PASSIVO DE ARRENDAMENTOS - VALOR PRESENTE;4531883731.62
ProvisÃÂ£o de Eventos/Sinistros a Liquidar para o SUS - GRU;4508410197.54
RECEITAS COM OUTRAS OPERAÃÂÃÂES DE PLANOS DE ASSISTÃÂNCIA MÃÂDICO-HOSPITALAR;4497799517.9800005
HonorÃÂ¡rios de ServiÃÂ§os TÃÂ©cnicos;4475003257.23
ContribuiÃÂ§ÃÂ£o Social;4387873995.92
OUTROS INVESTIMENTOS;4370226492.88
Planos Individuais/Familiares pÃÂ³s da Lei;4363848880.22
PROVISÃÂES PARA TRIBUTOS DIFERIDOS;4356031498.79
ParticipaÃÂ§ÃÂµes SocietÃÂ¡rias pelo MÃÂ©todo de Custo;4334210617.45
Outros Investimentos;4305958470.14
Receitas por Recebimentos em Atraso;4304644478.58
ParticipaÃÂ§ÃÂ£o dos BeneficiÃÂ¡rios em Eventos/Sinistros Indenizados;4302225672.91
Benfeitorias em imÃÂ³veis de terceiros;4301697901.97
Cobertura Assistencial com PreÃÂ§o Preestabelecido - Individual/Familiar;4266670004.28
ComissÃÂµes/Agenciamentos Diferidos - ContraprestaÃÂ§ÃÂµes PecuniÃÂ¡rias;4208694972.15
OUTROS DÃÂBITOS;4141956838.27
AmortizaÃÂ§ÃÂµes;4094962350.23
PrevidÃÂªncia Social;4057722132.89
ProvisÃÂ£o de PrÃÂªmios/ContraprestaÃÂ§ÃÂµes;3964580350.58
CrÃÂ©ditos de PIS e COFINS;3950967175.09
DÃÂBITOS COM OPERAÃÂÃÂES DE ASSISTÃÂNCIA ÃÂ SAÃÂDE NÃÂO RELACIONADAS COM PLANOS DE SAÃÂDE DA OPERADORA;3948776257.26
ContraprestaÃÂ§ÃÂ£o PecuniÃÂ¡ria/PrÃÂªmios a Emitir;3938898230.85
AÃÂ§ÃÂµes / Quotas de Empresas - Coligadas;3895156515.42
DESPESAS COM ADMINISTRAÃÂÃÂO;3875137744.18
Despesas com AdministraÃÂ§ÃÂ£o;3875137744.18
Imposto Sobre ServiÃÂ§os - ISS;3864193917.85
Outros EmprÃÂ©stimos;3861240410.45
Despesas com PrestaÃÂ§ÃÂ£o de ServiÃÂ§os - Hospitalar;3860736908.09
Programas de PromoÃÂ§ÃÂ£o da SaÃÂºde e PrevenÃÂ§ÃÂ£o de Riscos e DoenÃÂ§as;3834001860.6
ProvisÃÂ£o Sobre CrÃÂ©ditos de OperaÃÂ§ÃÂµes  de AssistÃÂªncia NÃÂ£o Relacionadas com Plano de.SaÃÂºde;3812821028.91
Despesas com LocalizaÃÂ§ÃÂ£o e ManutenÃÂ§ÃÂ£o;3809757498.4
DESPESAS COM LOCALIZAÃÂÃÂO E MANUTENÃÂÃÂO;3809757498.4
ProvisÃÂ£o para RemissÃÂ£o;3803624593.97
ProvisÃÂ£o Sobre Demais CrÃÂ©ditos de OperaÃÂ§ÃÂµes de Assist. MÃÂ©d-Hospitalar;3779879084.5099998
Outros DÃÂ©bitos de OperaÃÂ§ÃÂµes com Planos de AssistÃÂªncia MÃÂ©dico-Hospitalar;3732574063.36
DESPESAS FINANCEIRAS DE ENCARGOS SOBRE TRIBUTOS;3691313836.46
Despesas Financeiras de Encargos sobre Tributos;3691313836.46
PARTICIPAÃÂÃÂO DOS BENEFICIÃÂRIOS EM EVENTOS/SINISTROS INDENIZADOS;3658793507.66
PARTICIPAÃÂÃÂO DOS BENEFICIÃÂRIOS EM EVENTOS/SINISTROS INDENIZADOS DE ASSISTÃÂNCIA MÃÂDICO-HOSPITALAR;3641963640.08
PrÃÂªmios;3631846044.9900002
Despesas Financeiras com TÃÂ­tulos de Renda Fixa - PÃÂºblicos;3599731535.54
DESPESAS FINANCEIRAS COM TÃÂTULOS DE RENDA FIXA - PÃÂBLICOS;3599731535.54
Receitas com Cotas de Fundos de Investimento;3545116258.18
PARTICIPAÃÂÃÂES EM INSTITUIÃÂÃÂES REGULADAS (SUSEP, BACEN, PREVIC);3510694447.55
Cobertura Assistencial com PreÃÂ§o Preestabelecido - Coletivos por AdesÃÂ£o;3500948631.22
ComissÃÂ£o/Agenciamento de Seguros;3457739688.62
Receitas Operacionais com o ServiÃÂ§o ÃÂnico de SaÃÂºde - SUS;3428826926.66
Imposto de Renda Pessoa JurÃÂ­dica a Pagar;3425039051.05
Mais valia de ativos de investimentos incorporados;3398696879.66
DESPESAS FINANCEIRAS COM OPERAÃÂÃÂES DE ASSISTÃÂNCIA ÃÂ SAÃÂDE;3355806969.18
CONTRIBUIÃÂÃÂO SOCIAL;3354245999.64
RECEITAS COM OPERAÃÂÃÂES DE ASSISTÃÂNCIA MÃÂDICO-HOSPITALAR (SUS);3348900970.86
Adiantamentos a Prestadores de ServiÃÂ§os Assistenciais;3329205689.81
Despesas Financeiras com OperaÃÂ§ÃÂµes de AssistÃÂªncia MÃÂ©dico-Hospitalar;3307586262.9
Cooperados;3287715678.78
Imposto de Renda Retido na Fonte - de Terceiros;3233508234.31
Despesas com OperaÃÂ§ÃÂµes de IntercÃÂ¢mbio Eventual;3231548559.98
Reservas para ContingÃÂªncias;3204697955.49
AÃÂ§ÃÂµes Preferenciais;3202640026.35
COBERTURA ASSISTENCIAL MÃÂDICO-HOSPITALAR;3190440606.44
Outras imobilizaÃÂ§ÃÂµes;3186210339.14
DepÃÂ³sitos de BeneficiÃÂ¡rios e de Terceiros;3173093800.94
DEPÃÂSITOS DE BENEFICIÃÂRIOS E DE TERCEIROS;3173093800.94
IMÃÂVEIS DESTINADOS ÃÂ RENDA;3127856430.8
Despesas Judiciais de Eventos/Sinistros MÃÂ©dico-Hospitalares;3112661490.25
EVENTOS/ SINISTROS CONHECIDOS OU AVISADOS  NA MODALIDADE DE PAGAMENTO POR ORÃÂAMENTO GLOBAL;3039939853.9900002
Despesas com AssistÃÂªncia Social;3035706655.36
DESPESAS COM ASSISTÃÂNCIA SOCIAL;3035706655.36
IntercÃÂ¢mbio a Receber - Atendimento Eventual;3035581701.95
Despesa Financeira com EmprÃÂ©stimos;3010388808.98
DESPESA FINANCEIRA COM EMPRÃÂSTIMOS;3010388808.98
Imposto de Renda a Compensar/Restituir;3002023650.93
ComissÃÂ£o/Agenciamentos de Seguros;2995139572.08
DÃÂ©bitos a Prestadores de ServiÃÂ§os de AssistÃÂªncia ÃÂ  SaÃÂºde;2986456852.61
ContribuiÃÂ§ÃÂµes PrevidenciÃÂ¡rias;2983050207.42
CrÃÂ©dito de PrevidÃÂªncia Social;2954277790.01
Rede PrÃÂ³pria;2944135904.27
CRÃÂDITOS A RECEBER DE COOPERADOS;2940565653.87
RECEITAS ADMINISTRATIVAS;2933437432.71
TÃÂTULOS DE RENDA VARIÃÂVEL;2922718555.21
TÃÂ­tulos de Renda VariÃÂ¡vel;2922718555.21
Imposto de Renda Diferido;2904326872.66
RECEITAS POR RECEBIMENTOS EM ATRASO;2869762985.72
FINANCIAMENTOS;2829599646.39
ProvisÃÂ£o para Eventos/Sinistros Ocorridos e NÃÂ£o Avisados (PEONA) - SUS;2827821640.29
Despesas Administrativas;2821523596.8
ProvisÃÂ£o para AÃÂ§ÃÂµes Trabalhistas;2807053719.72
ContraprestaÃÂ§ÃÂµes PecuniÃÂ¡rias/PrÃÂªmios a Repassar - Contratos Estipulados;2789793676.7599998
PRÃÂMIOS DE SEGURO;2769879464.4300003
Outros DÃÂ©bitos NÃÂ£o Relacionados com Planos de SaÃÂºde da Operadora;2768512748.83
InstalaÃÂ§ÃÂµes;2759642618.7
ReversÃÂ£o de ProvisÃÂ£o Para Perdas sobre CrÃÂ©ditos ConstituÃÂ­da em ExercÃÂ­cios Anteriores;2748817355.06
Outros CrÃÂ©ditos de OperaÃÂ§ÃÂµes de AssistÃÂªncia MÃÂ©dico-Hospitalar;2738835309.35
NÃÂO HOSPITALARES/ NÃÂO ODONTOLÃÂGICOS;2704946241.48
DESPESAS COM APLICAÃÂÃÂES FINANCEIRAS;2695109933.5099998
Financiamentos para AquisiÃÂ§ÃÂ£o de Ativos;2664505693.66
Receitas com AdministraÃÂ§ÃÂ£o de IntercÃÂ¢mbio Eventual - AssistÃÂªncia MÃÂ©dico Hospitalar;2631348441.33
RECEITAS COM ADMINISTRAÃÂÃÂO DE INTERCÃÂMBIO EVENTUAL - ASSISTENCIA MEDICO HOSPITALAR;2631348441.33
Receitas com AdministraÃÂ§ÃÂ£o de IntercÃÂ¢mbio Eventual - AssistÃÂªncia MÃÂ©dico Hospitalar ;2631348441.3
CONTA-CORRENTE COM COOPERADOS;2603283048.12
IntercÃÂ¢mbio a Pagar de Corresponsabilidade Cedida - PreÃÂ§o Pre-estabelecido;2602715473.02
ComercializaÃÂ§ÃÂ£o sobre OperaÃÂ§ÃÂµes de AssistÃÂªncia MÃÂ©dico-Hospitalar;2595007506.88
13ÃÂº SalÃÂ¡rio/FÃÂ©rias;2580857717.14
DESPESAS COM BENS DE USO PRÃÂPRIO;2571503213.78
Despesas com Bens de Uso PrÃÂ³prio;2571503213.78
Multas Administrativas;2571109468.58
MULTAS ADMINISTRATIVAS;2571109468.58
Reservas de Capital/Reservas Patrimoniais;2561783996.55
PROVISÃÂES TÃÂCNICAS DE OPERAÃÂÃÂES DE ASSISTÃÂNCIA ODONTOLÃÂGICA;2553062429.2400002
IntercÃÂ¢mbio;2510106189.05
TÃÂTULOS E CRÃÂDITOS A RECEBER;2473985674.7
DESPESAS COM UTILIZAÃÂÃÂO DE EQUIPAMENTOS E VEÃÂCULOS;2471642696.5
Despesas com UtilizaÃÂ§ÃÂ£o de Equipamentos e VeÃÂ­culos;2471642696.5
MÃÂ³veis e utensilios;2419178060.42
CompensaÃÂ§ÃÂ£o - Passivo;2397594786.68
IndenizaÃÂ§ÃÂµes com Sinistros;2396102064.92
CompensaÃÂ§ÃÂ£o - Ativo;2395110975.2599998
RECEITA ANTECIPADA DE CONTRAPRESTAÃÂÃÂES/PRÃÂMIOS;2393675528.52
OUTROS DÃÂBITOS DE OPERAÃÂÃÂES COM PLANOS DE ASSISTÃÂNCIA ÃÂ SAÃÂDE;2390336338.37
OUTROS DÃÂBITOS DE OPERAÃÂÃÂES COM PLANOS DE ASSISTÃÂNCIA MÃÂDICO HOSPITALAR;2386833822.39
Outras ComissÃÂµes Diferidas - AssistÃÂªncia MÃÂ©dico-Hospitalar;2346444209.48
DESPESAS COM PUBLICIDADE E PROPAGANDA INSTITUCIONAL;2308876737.96
ProvisÃÂ£o de Eventos /Sinistros a Liquidar para o SUS  ( %  hc x ABI);2294643256.44
Outros CrÃÂ©ditos TributÃÂ¡rios e PrevidenciÃÂ¡rios;2292827968.31
Mais valia de ativos;2280425448.17
OUTRAS APLICAÃÂÃÂES;2280364222.61
CONTRAPRESTAÃÂÃÂO PECUNIÃÂRIA/PRÃÂMIOS RECEBIDOS ANTECIPADAMENTE - ASSISTÃÂNCIA MÃÂDICO HOSPITALAR;2272710570.0099998
CrÃÂ©ditos a Receber de Cooperados;2266000442.37
Outras ParticipaÃÂ§ÃÂµes;2242357468.52
ProvisÃÂ£o Sobre Contraprest. PecuniÃÂ¡rias/PrÃÂªmios a Receber de Assist. OdontolÃÂ³gica;2236175539.27
ProvisÃÂ£o  para multas administrativas da ANS ;2232427747.36
Outros CrÃÂ©ditos Operacionais de PrestaÃÂ§ÃÂ£o de ServiÃÂ§o MÃÂ©dico-Hospitalar;2223755978.66
OUTROS CRÃÂDITOS DE OPERAÃÂÃÂES COM PLANOS DE ASSISTÃÂNCIA ÃÂ SAÃÂDE;2162832884.41
OUTROS CRÃÂDITOS DE OPERAÃÂÃÂES DE ASSISTÃÂNCIA MÃÂDICO-HOSPITALAR;2155429321.54
Tributos Relacionados a IN 20 (COOPERATIVAS);2140830486.12
ParticipaÃÂ§ÃÂ£o dos BeneficiÃÂ¡rios em Eventos/Sinistros Indenizados a Receber;2136451801.9
CONTA-CORRENTE DE COOPERADOS;2117334230.82
DESPESAS COM PROGRAMA DE ALIMENTAÃÂÃÂO AO TRABALHADOR;2099427639.04
ALIMENTAÃÂÃÂO AO TRABALHADOR;2099427639.04
ReavaliaÃÂ§ÃÂ£o;2084395136.93
Receitas com DepÃÂ³sitos Judiciais, e Fiscais e Fundos Retidos;2082669942.42
RECEITAS COM DEPÃÂSITOS JUDICIAIS, E FISCAIS E FUNDOS RETIDOS;2082669942.42
Outros Valores e Bens;2076444052.6
Imposto de Renda Retido na Fonte - IRRF;1956497240.34
ReversÃÂ£o de Multas Administrativas de ExercÃÂ­cios Anteriores;1955624955.1399999
Outros DÃÂ©bitos de OperaÃÂ§ÃÂµes com Planos de  AssistÃÂªncia MÃÂ©dico-Hospitalar;1950984283.7
TRIBUTOS E CONTRIBUIÃÂÃÂES RELACIONADOS A IN 20 (COOPERATIVAS) - PARCELAMENTO;1946805707.3899999
PROGRAMAS REGULATÃÂRIOS DE ATENÃÂÃÂO ÃÂ SAÃÂDE;1941642568.18
OUTROS DÃÂBITOS NÃÂO RELACIONADOS COM PLANOS DE SAÃÂDE DA OPERADORA;1924638809.3
ReversÃÂ£o da Prov. Sobre Contraprest. PecuniÃÂ¡rias/PrÃÂªmios a Receber de Assist. MÃÂ©d-Hospitalar;1924359495.8700001
PROGRAMAS DE PROMOÃÂÃÂO DA SAÃÂDE E PREVENÃÂÃÂO DE RISCOS E DOENÃÂAS;1917000930.3
ParticipaÃÂ§ÃÂµes em Operadoras e Rede Assistencial;1902916594.4
Equipamentos de Processamento EletrÃÂ´nico de Dados - Hardware;1897457119.76
DESPESA COM EMPRÃÂSTIMOS E FINANCIAMENTOS;1888209175.27
RECEITAS OPERACIONAIS DE OUTRAS ATIVIDADES;1855898473.38
ParticipaÃÂ§ÃÂ£o em Operadoras;1852092499.29
Receita de IntercÃÂ¢mbio Eventual por DiferenÃÂ§a de Tabela;1831532867.98
Despesas Judiciais;1815678597.93
Despesas com ServiÃÂ§os Prestados por Terceiros;1796040767.49
Reserva Especial para Dividendos;1783197057.6100001
Adiantamentos a Fornecedores;1763415911.87
HonorÃÂ¡rios AdvocatÃÂ­cios;1751764157.74
Sobra ÃÂ  DisposiÃÂ§ÃÂ£o da A.G.O;1741524112.3
DESPESAS COM IMPOSTOS E CONTRIBUIÃÂÃÂES SOBRE TRANSAÃÂÃÂES FINANCEIRAS;1740597125.88
Despesas com Impostos e ContribuiÃÂ§ÃÂµes sobre TransaÃÂ§ÃÂµes Financeiras;1740597125.8799999
SalÃÂ¡rios a Pagar;1731570738.64
Reserva de Lucros a Realizar;1731402206.8799999
HonorÃÂ¡rios de Consultoria;1720918572.12
RESERVAS DE CAPITAL / RESERVAS PATRIMONIAIS;1707855997.7
ContribuiÃÂ§ÃÂ£o Social sobre o Lucro LÃÂ­quido - CSLL;1677122999.82
RECEITAS FINANCEIRAS COM OPERAÃÂÃÂES DE ASSISTÃÂNCIA ÃÂ SAÃÂDE;1655026123.5
TÃÂ­tulos Patrimoniais;1654487641.69
DESPESAS FINANCEIRAS COM OPERAÃÂÃÂES DE ASSISTÃÂNCIA MÃÂDICO-HOSPITALAR;1653793131.45
Ajuste ao valor de mercado;1653320545.3200002
Despesas com Eventos/Sinistros nÃÂ£o cobertos;1628231270.15
DESPESAS ANTECIPADAS;1626588929.81
DepÃÂ³sitos Judiciais - TSS e Multas ANS;1623465862.28
DESPESAS COM OPERAÃÂÃÂES DE INTERCÃÂMBIO EVENTUAL;1615774279.99
Despesas com IntercÃÂ¢mbio Eventual por DiferenÃÂ§a de Tabela;1615774279.99
Planos Coletivos Empresariais depois da Lei;1614808362.27
Outros Tributos e Encargos Sociais;1611324128.94
DESPESAS COM OPERAÃÂÃÂES DE INTERCÃÂMBIO EVENTUAL MÃÂDICO-HOSPITALAR;1608531926.83
DÃÂ©cimo Terceiro SalÃÂ¡rio;1600810314.3799999
Capital Social Estrangeiro;1599434439.7
DepÃÂ³sitos de BeneficiÃÂ¡rios de Planos de AssistÃÂªncia ÃÂ  SaÃÂºde e de Terceiros;1586546900.47
EVENTOS/ SINISTROS CONHECIDOS OU AVISADOS NO SISTEMA ÃÂNICO DE SAÃÂDE - SUS;1577239403.1
Despesas com Programa de PromoÃÂ§ÃÂ£o da SaÃÂºde e PrevenÃÂ§ÃÂ£o de Riscos e DoenÃÂ§as - Aprovadas pela DIPRO;1573687303.67
CONTRAPRESTAÃÂÃÂES PECUNIÃÂRIAS/PRÃÂMIOS DE SEGURO- ODONTOLÃÂGICAS;1573383843.76
ImÃÂ³veis destinados ÃÂ  renda;1563928215.4
RECEITAS COM CRÃÂDITOS TRIBUTÃÂRIOS;1557903060.68
Receitas com CrÃÂ©ditos TributÃÂ¡rios;1557903060.68
Custo de ociosidade rede prÃÂ³pria;1550062177.17
ParticipaÃÂ§ÃÂ£o dos BeneficiÃÂ¡rios em Eventos/Sinistros Indenizados a Cobrar;1522341705.76
Dividendos e Juros sobre Capital PrÃÂ³prio a Pagar;1518827950.03
Despesas com AssistÃÂªncia MÃÂ©dica/ OdontolÃÂ³gica;1517853327.68
Reservas de ReavaliaÃÂ§ÃÂ£o;1507677884.98
ProvisÃÂ£o de Eventos/Sinistros a Liquidar para o SUS - Parcelamento;1481636917.77
DÃÂBITOS DE OPERAÃÂÃÂES DE ADMINISTRAÃÂÃÂO DE BENEFÃÂCIOS;1443847304.28
DÃÂBITOS DE ADMINISTRAÃÂÃÂO DE BENEFÃÂCIOS DE PLANOS DE ASSISTÃÂNCIA MÃÂDICO HOSPITALAR;1436298400.9
DÃÂ©bitos de AdministraÃÂ§ÃÂ£o de BenefÃÂ­cios de Planos de AssistÃÂªncia MÃÂ©dico-Hospitalar;1436298400.9
ContribuiÃÂ§ÃÂ£o Social sobre o Lucro LÃÂ­quido a Pagar;1433221362.15
RECEITAS COM OUTROS TÃÂTULOS DE RENDA FIXA - PRIVADOS;1432063097.8899999
Receitas com Outros TÃÂ­tulos de Renda Fixa  - Privados  ;1432063097.8899999
Receitas com Outros TÃÂ­tulos de Renda Fixa - Privados;1432063097.8899999
RESERVAS DE REAVALIAÃÂÃÂO;1427254609.15
Conta-Corrente de Cooperados;1411556153.8799999
Contratos Estipulados;1401671544.4
ApuraÃÂ§ÃÂ£o de Custos com Eventos por Meio PrÃÂ³prio;1384345974.8700001
COMERCIALIZAÃÂÃÂO SOBRE OPERAÃÂÃÂES;1383794936.15
FGTS;1366374632.07
ProvisÃÂ£o para Imposto de Renda e ContribuiÃÂ§ÃÂ£o Social;1325911967.52
PROVISÃÂO PARA IMPOSTO DE RENDA E CONTRIBUIÃÂÃÂO SOCIAL;1325911967.52
DepreciaÃÂ§ÃÂµes;1317945202.48
DESPESAS COM TRIBUTOS;1298700408.34
ContribuiÃÂ§ÃÂ£o Social Sobre o Lucro Liquido - CSLL;1298259487.09
COMERCIALIZAÃÂÃÂO SOBRE OPERAÃÂÃÂES DE ASSISTÃÂNCIA MÃÂDICO-HOSPITALAR;1297503753.44
DESPESAS COM MULTAS ADMINISTRATIVAS;1285554734.29
DESPESAS OPERACIONAIS DE OUTRAS ATIVIDADES;1259671593.63
IMPOSTOS;1223207772.48
Impostos;1223207772.48
PARTICIPAÃÂÃÂES SOCIETÃÂRIAS EM REDE ASSISTENCIAL NÃÂO HOSPITALAR;1219898666.02
ParticipaÃÂ§ÃÂµes SocietÃÂ¡rias em Rede Assistencial nÃÂ£o Hospitalar;1219898666.02
Despesas com Eventos / Sinistros ;1190052436.01
Receitas Operacionais de Outras Atividades;1133645290.86
Aluguel;1117328004.83
DESPESAS COM PARTICIPAÃÂÃÂO NOS LUCROS E RESULTADOS;1109933801.8
ContraprestaÃÂ§ÃÂ£o PecuniÃÂ¡ria Contestada - DepÃÂ³sito Judicial pelo Contratante;1099587000.93
Multas Administrativas aplicadas pela ANS;1090864828.85
Planos Coletivos por AdesÃÂ£o depois  da  Lei;1086890205.89
Resultado do Ato Cooperativo - MÃÂªs;1082610685.03
CRÃÂDITOS DE OPERAÃÂÃÂES DE ADMINISTRAÃÂÃÂO DE BENEFÃÂCIOS;1071096397.56
AdministraÃÂ§ÃÂ£o de BenefÃÂ­cios de Planos de AssistÃÂªncia MÃÂ©dico-Hospitalar;1065969695.95
ADMINISTRAÃÂÃÂO DE BENEFÃÂCIOS DE PLANOS DE ASSISTÃÂNCIA MÃÂDICO-HOSPITALAR;1065969695.95
ContribuiÃÂ§ÃÂ£o Social Diferida;1065666051.24
HonorÃÂ¡rios de Diretoria;1057178574.99
COFINS;1048592147.8
Despesas com PrestaÃÂ§ÃÂ£o de ServiÃÂ§os - SUS;1044281503.6
Outras Despesas Antecipadas;1043767477.74
CrÃÂ©ditos a receber de Cooperados;1025703608.93
OUTRAS DESPESAS COM PESSOAL PRÃÂPRIO;1017531632.28
Outras Despesas com Pessoal PrÃÂ³prio;1017531632.28
Despesas com ParticipaÃÂ§ÃÂ£o nos Lucros e Resultados;1015618500.12
Despesas com IndenizaÃÂ§ÃÂµes;1012718959.84
DESPESAS COM INDENIZAÃÂÃÂES;1012718959.84
COFINS e PIS / PASEP;987472195.72
REVERSÃÂO DE MULTAS ADMINISTRATIVAS;977812477.5699999
Seguros;960761588.76
DESPESAS COM PROVISÃÂES PARA DESVALORIZAÃÂÃÂO DE TÃÂTULOS;956217653.8
Despesas com ProvisÃÂµes para DesvalorizaÃÂ§ÃÂ£o de TitÃÂºlos;956217653.79
Multas Administrativas aplicadas pela ANS - contingÃÂªncias;955212411.14
CONTRIBUIÃÂÃÂES;946860573.24
ContribuiÃÂ§ÃÂµes;946860573.24
Outras Reservas e Lucro;945474009.96
APURAÃÂÃÂO DE CUSTOS COM EVENTOS POR MEIO PRÃÂPRIO;922897316.58
Outras Despesas de OperaÃÂ§ÃÂµes de AssistÃÂªncia OdontolÃÂ³gica;906822214.78
Descontos Concedidos;899870276.82
RemuneraÃÂ§ÃÂ£o ÃÂ¿ Pessoal PrÃÂ³prio (Assalariado);898932796.22
Outras ObrigaÃÂ§ÃÂµes com Pessoal;898053986.14
Despesas com ComunicaÃÂ§ÃÂ£o;890078978.29
CONTRAPRESTAÃÂÃÂO PECUNIÃÂRIA/PRÃÂMIOS A RECEBER DE ASSISTÃÂNCIA ODONTOLÃÂGICA;882904864.1
CrÃÂ©ditos a Receber de ContraprestaÃÂ§ÃÂµes a Repassar;869192422.26
Imposto Sobre ServiÃÂ§os Retido na Fonte;861941260.49
Despesas de Juros sobre Capital PrÃÂ³prio;858682353.1
DESPESAS DE JUROS DE CAPITAL PRÃÂPRIO;858682353.1
Coletivo com Administradora de BenefÃÂ­cios como Estipulante;852880740.6
ProvisÃÂ£o Sobre Demais CrÃÂ©ditos de OperaÃÂ§ÃÂµes de AssistÃÂªncia MÃÂ©dico-Hospitalar;852096657.62
Outros Adiantamentos;848365803.37
DÃÂ©bitos de ComercializaÃÂ§ÃÂ£o sobre ContraprestaÃÂ§ÃÂ£o PecuniÃÂ¡ria;840956520.6899999
Despesas Operacionais de Outras Atividades;839781062.42
Taxa de AdministraÃÂ§ÃÂ£o de IntercÃÂ¢mbio Eventual;832323139.85
Impostos Diferidos;831992084.3199996
Almoxarifado;829866986.59
Reembolso de Sinistros pendentes de liquidaÃÂ§ÃÂ£o;823781289.74
DepÃÂ³sitos Judiciais - Trabalhistas;813410035.76
ProvisÃÂ£o Sobre CrÃÂ©ditos de OperaÃÂ§ÃÂµes de AssistÃÂªncia MÃÂ©dico-Hospitalar NÃÂ£o Relacionadas com Plano de SaÃÂºde;800698688.85
CAPITAL SOCIAL ESTRANGEIRO;799717219.85
ContribuiÃÂ§ÃÂ£o Social a Compensar/Restituir;794209617.96
ReversÃÂ£o da ProvisÃÂ£o Sobre Demais CrÃÂ©ditos de OperaÃÂ§ÃÂµes de Assist. MÃÂ©d-Hospitalar;787681101.05
Despesa Financeira com Financiamentos;766029541.56
DESPESA FINANCEIRA COM FINANCIAMENTOS;766029541.56
Despesas Operacionais Antecipadas;750947757.9
Reservas de ReavaliaÃÂ§ÃÂ£o - Ativos PrÃÂ³prios;749826188.3
ReversÃÂ£o de Tributos Diretos ConstituÃÂ­dos em ExercÃÂ­cios Anteriores;716611195.71
Outros TÃÂ­tulos de Renda VariÃÂ¡vel;711546251.68
DÃÂ©bitos a Pagar a Cooperados;705778076.94
Despesas Financeiras com Arrendamentos;699556763.96
ParticipaÃÂ§ÃÂµes;696755725.53
OUTRAS DESPESAS ANTECIPADAS;695844985.16
MULTAS ADMINISTRATIVAS A PAGAR;695377535.58
Mutas administrativas a pagar;695377535.58
Multas administrativas a pagar;695377535.58
Despesas por Pagamentos em Atraso;693154372.74
Adiantamentos a FuncionÃÂ¡rios;688487335.45
OUTROS VALORES E BENS;674786561.84
ProvisÃÂ£o Sobre Taxa de AdministraÃÂ§ÃÂ£o de BenefÃÂ­cios a Receber;666199379.3199999
RECEITAS COM IMÃÂVEIS DE RENDA;658088093.02
Receitas com ImÃÂ³veis de Renda;658088093.02
OUTRAS;656751249.21
OUTRAS - MÃÂDICO HOSPITALAR;625700913.29
ContraprestaÃÂ§ÃÂµes/PrÃÂªmios a Restituir de AssistÃÂªncia MÃÂ©dico-Hospitalar;625245229.12
Imposto de Renda Retido na Fonte - de FuncionÃÂ¡rios;622588454.46
ÃÂgio mais valia de ativos;622168595.95
Despesas com Cotas de Fundos de Investimento;619126397.94
PIS;618146309.48
Receitas Operacionais de Outras Atividades (AutogestÃÂµes - Lei 13.127);606182426.21
RECEITAS COM TÃÂTULOS DE RENDA VARIÃÂVEL;596034482.49
Despesas com ContribuiÃÂ§ÃÂµes e Donativos;591252250.23
Investimentos;584642528.0
ManutenÃÂ§ÃÂ£o e Consertos;581540467.22
DepÃÂ³sitos de Terceiros;577955739.51
Multas administrativas da ANS parceladas;575292380.29
ComissÃÂµes/Agenciamentos Diferidos com Planos de AssistÃÂªncia OdontolÃÂ³gica;562065597.6
Despesas com CobranÃÂ§a;555424606.92
PARTICIPAÃÂÃÂES SOBRE O LUCRO;554966900.9
Despesas com Expediente;543955114.47
ComissÃÂµes a Pagar - Seguros;542838415.46
AntecipaÃÂ§ÃÂµes de Imposto de Renda;534812048.88
Bens em uso na fase de implantaÃÂ§ÃÂ£o;514700069.76
DependÃÂªncias no PaÃÂ­s;512761110.58
DEPENDÃÂNCIAS NO PAÃÂS;512753118.84
Empregados;506484145.89
ProvisÃÂ£o Para Perdas sobre CrÃÂ©ditos - OdontololÃÂ³gico;505569168.15000004
PROVISÃÂO PARA PERDAS SOBRE CRÃÂDITOS - ODONTOLÃÂGICO;505569168.15000004
DESPESAS OPERACIONAIS;500631838.6
OUTRAS DESPESAS DE OPERAÃÂÃÂES DE ASSISTÃÂNCIA ODONTOLÃÂGICA;472396062.82
ProvisÃÂ£o para Imposto de Renda - IRPJ;471704851.24
Juros sobre Capital PrÃÂ³prio;470425278.79
Despesas Financeiras do Ressarcimento ao SUS;465900505.22
DESPESAS POR PAGAMENTOS EM ATRASO;462102915.16
Impostos Municipais;457629813.61
ProvisÃÂ£o para DesvalorizaÃÂ§ÃÂ£o de TÃÂ­tulos de Renda Fixa - Privados;455832894.58
HonorÃÂ¡rios de Auditoria;453249781.56
Receitas com Outras OperaÃÂ§ÃÂµes de Planos de AssistÃÂªncia OdontolÃÂ³gica;447428971.89
Resseguros;437882539.29
DÃÂ©bitos de Seguros de Despesas Assistenciais;437312911.57
PromoÃÂ§ÃÂµes;435894052.71
ProvisÃÂ£o Sobre ContraprestaÃÂ§ÃÂ£o PecuniÃÂ¡rias/PrÃÂªmios a Receber de AssistÃÂªncia OdontolÃÂ³gica;432416625.58
Receitas com Outros TÃÂ­tulos de Renda VariÃÂ¡vel;430849817.14000005
Taxa de AdministraÃÂ§ÃÂ£o de BenefÃÂ­cios - Contratos NÃÂ£o Estipulados;426729279.75
ContribuiÃÂ§ÃÂµes PrevidenciÃÂ¡rias Retidas de Terceiros;426486236.95
DESPESAS DE RESSEGURO;426278513.40999997
Bens a Venda;424711864.4
BENS A VENDA;424711864.4
PRÃÂMIOS DE RESSEGURO;424653669.06
CrÃÂ©ditos a Receber;417579035.92
CRÃÂDITOS A RECEBER;417579035.92
DepÃÂ³sitos Judiciais - Eventos / Sinistros;409333884.51
Receitas com OperaÃÂ§ÃÂµes de AssistÃÂªncia OdontolÃÂ³gica;404707206.2
NumerÃÂ¡rio em TrÃÂ¢nsito;403730712.78000003
NUMERÃÂRIO EM TRANSITO;403730712.78000003
EmprÃÂ©stimos e DepÃÂ³sitos CompulsÃÂ³rios;397542852.74
EMPRÃÂSTIMOS E DEPÃÂSITOS COMPULSÃÂRIOS;397542852.74
Arrendamentos a Pagar;393685777.97
Despesas com Transporte de Empregados;391785255.9
DESPESAS COM TRANSPORTE DE EMPREGADOS;391785255.9
Outros Financiamentos;390876274.44
Despesas com LocomoÃÂ§ÃÂ£o;387025638.64
Outros Tributos Diferidos;386038574.88
Tributos Federais;381148971.52
Multa Recebida por Cancelamento de Contrato;380012072.2
Taxa de AdministraÃÂ§ÃÂ£o com Plano de Assitencia Medico Hospitalar;372544265.72
FGTS a Recolher;369115771.64
ContraprestaÃÂ§ÃÂ£o PecuniÃÂ¡ria/PrÃÂªmios Recebidos Antecipadamente - AssistÃÂªncia OdontolÃÂ³gica;362894875.53000003
RECEITAS COM RESSEGURO;361353909.87
Outros Tributos;360680901.15000004
Imposto Sobre OperaÃÂ§ÃÂµes Financeiras - IOF;344190192.05
Despesas com Programa de PromoÃÂ§ÃÂ£o da SaÃÂºde e PrevenÃÂ§ÃÂ£o de Riscos e DoenÃÂ§as - NÃÂ£o aprovadas pela DIPRO;343313626.63
Eventos/Sinistros a Liquidar para Outros Prestadores - AÃÂ§ÃÂ£o Judicial com DepÃÂ³sito Judicial;343222165.33
Tributos Municipais;335633029.79
DESPESAS COM TÃÂTULOS DE RENDA VARIÃÂVEL;331576559.15
Imposto de Renda Pessoa JurÃÂ­dica - IRPJ;329872326.7
COMISSÃÂES/AGENCIAMENTOS DIFERIDOS COM PLANOS DE ASSISTÃÂNCIA ODONTOLÃÂGICA;321022535.51
Dividendos e Rendimentos;320996483.98
ÃÂgua, Luz e GÃÂ¡s;320347551.17
CONTRAPRESTAÃÂÃÂES/PRÃÂMIOS A RESTITUIR;316817387.22
CONTRAPRESTAÃÂÃÂES/PRÃÂMIOS A RESTITUIR DE ASSISTÃÂNCIA MÃÂDICO-HOSPITALAR;312622614.56
DESPESAS COM COTAS DE FUNDOS DE INVESTIMENTOS;309563198.96999997
Marcas Comerciais;304498573.5
Despesas Operacionais Antecipadas de Longo Prazo;304486414.92
CrÃÂ©ditos em Programas ou Fundos para Custeio de Despesas de AssistÃÂªncia MÃÂ©dico-Hospitalar;296012324.23
Despesas Operacionais de Outras Atividades (AutogestÃÂµes - Lei 13.127);294031467.5
CAIXA;289676750.68
Receitas com DepÃÂ³sitos e EmprÃÂ©stimos CompulsÃÂ³rios;287129867.66
RECEITAS COM DEPÃÂSITOS E EMPRÃÂSTIMOS COMPULSÃÂRIOS;287129867.66
Despesas com ApÃÂ³lices e Contratos;287111926.31
PIS/PASEP;282011903.41
GratificaÃÂ§ÃÂµes;281714660.99
Veiculos;281255334.43
Taxa de SaÃÂºde Suplementar;280317805.41
ProvisÃÂ£o Sobre Outros CrÃÂ©ditos de Administradora de BenefÃÂ­cios;277122147.27
Consertos;275131573.56
ReclamaÃÂ§ÃÂµes Trabalhistas;265384706.26
Encargos Sociais com ServiÃÂ§os de Terceiros;264520419.33
Despesas Patrimoniais;263527956.99
Dependencias no PaÃÂ­s;256368567.67999998
Gastos com PromoÃÂ§ÃÂ£o e PrevenÃÂ§ÃÂ£o ÃÂ  SaÃÂºde;256267987.69
ContribuiÃÂ§ÃÂ£o Social Retida na Fonte;252957918.86
AntecipaÃÂ§ÃÂµes da ContribuiÃÂ§ÃÂ£o Social;251091950.27
Despesas com PrestaÃÂ§ÃÂ£o de ServiÃÂ§os - Ambulatorial;248495379.98
ParticipaÃÂ§ÃÂ£o no Resultado/RemuneraÃÂ§ÃÂ£o VariÃÂ¡vel/RemuneraÃÂ§ÃÂ£o por Performance;241853704.0
OUTROS TRIBUTOS;240453934.1
PrÃÂªmios a Restituir;238713751.05
ProvisÃÂ£o de PrÃÂªmio/ContraprestaÃÂ§ÃÂ£o NÃÂ£o Ganha - Aportes em Planos Coletivos;237719782.12
Ganhos e Perdas NÃÂ£o Realizados com TÃÂ­tulos e Valores MobiliÃÂ¡rios - Coligadas e Controladas;235471314.57000005
Despesas com FormaÃÂ§ÃÂ£o Profissional;230262633.04
Dividendos e Juros sobre Capital PrÃÂ³prio a Receber;229604915.01
RECEITAS COM OUTRAS OPERAÃÂÃÂES DE PLANOS DE ASSISTÃÂNCIA ODONTOLÃÂGICA;229265952.92000002
ReversÃÂ£o de Encargos por RepactuaÃÂ§ÃÂ£o de DÃÂ­vidas;226937506.89000002
Cobertura Assistencial com PreÃÂ§o PÃÂ³s-estabelecido - Coletivos Empresariais;225512442.84
ContribuiÃÂ§ÃÂ£o Social Sobre o Lucro LÃÂ­quido - CSLL;222856512.79999998
IndenizaÃÂ§ÃÂµes Trabalhistas;221451656.51
RECEITAS COM OUTROS TÃÂTULOS DE RENDA VARIÃÂVEL;215424908.57
HonorÃÂ¡rios do Conselho de AdministraÃÂ§ÃÂ£o;208423422.49
IMPOSTOS DIFERIDOS;207998021.07999983
Administradora de BenefÃÂ­cios - Outros CrÃÂ©ditos Operacionais;207895737.32
ProvisÃÂ£o Sobre Outros CrÃÂ©ditos de Administradora de BenefÃÂ­cios MÃÂ©dico-Hospitalar;205249222.01
RECEITAS COM OPERAÃÂÃÂES DE ASSISTÃÂNCIA ODONTOLÃÂGICA;202379245.84
NumerÃÂ¡rio em trÃÂ¢nsito;201865356.39
Taxa de AdministraÃÂ§ÃÂ£o de BenefÃÂ­cios a Receber;197724354.52
DESPESAS COM PRESTAÃÂÃÂO DE SERVIÃÂOS - ODONTOLÃÂGICOS;197367429.06
Aviso PrÃÂ©vio;195917344.29
Limpeza;195037854.83
TRIBUTOS E CONTRIBUIÃÂÃÂES RELACIONADOS A IN 20 (COOPERATIVAS);194024778.73
DEPÃÂSITOS DE TERCEIROS;192651913.17
RECEITAS FINANCEIRAS COM OPERAÃÂÃÂES DE SEGUROS;192592880.28
SEGUROS DIRETOS;191563625.59
ProvisÃÂ£o para ContribuiÃÂ§ÃÂ£o Social Sobre o Lucro LÃÂ­quido - CSSL;191251132.52
Despesas com PrestaÃÂ§ÃÂ£o de ServiÃÂ§os - DiagnÃÂ³sticos;190751083.44
TAXA DE SAÃÂDE SUPLEMENTAR;186878536.94
ImÃÂ³veis a Venda;185336411.25
ProvisÃÂ£o de Eventos/Sinistros Ocorridos e NÃÂ£o Avisados - SUS;184625370.43
ServiÃÂ§os ExtraordinÃÂ¡rios;180634236.95
Vale Transporte;176942329.41
ENCARGOS SOCIAIS COM SERVIÃÂOS DE TERCEIROS;176346946.22
ComercializaÃÂ§ÃÂ£o sobre OperaÃÂ§ÃÂµes de AssistÃÂªncia OdontolÃÂ³gica;172582365.42
DESPESAS FINANCEIRAS COM TÃÂTULOS DE RENDA FIXA - PRIVADOS;171117559.34
Despesas Financeiras com TÃÂ­tulos de Renda Fixa - Privados;171117559.34
Receitas com Outros TÃÂ­tulos de Renda Fixa PÃÂºblicos;170060832.52
DÃÂ©bitos com Programas ou Fundos para Custeio de Despesas de AssistÃÂªncia MÃÂ©dico-Hospitalar;169394504.04
Encargos Sociais;169098533.8
CondomÃÂ­nios e Taxas;165481576.89
Direitos Resultantes da Venda de ImÃÂ³veis;161952034.07999998
Multas Administrativas diversas - contingÃÂªncias;160783681.64999998
Outras;156005696.51
Cheques e Ordens a Receber;154159216.56
Seguros Diretos;149930981.16000006
ProvisÃÂ£o Sobre Demais CrÃÂ©ditos de OperaÃÂ§ÃÂµes de AssistÃÂªncia OdontolÃÂ³gica;146470378.13
Impostos Federais;144938978.41
Outras ContribuiÃÂ§ÃÂµes;144533206.18
DÃÂ©bitos com AquisiÃÂ§ÃÂ£o de Carteira;138889049.68
DÃÂBITOS COM AQUISIÃÂÃÂO DE CARTEIRA;138889049.68
Reembolso de Sinistros liquidados;135493314.0
OUTRAS RECEITAS COM RESSEGURO;130538569.03999999
Outras Receitas com Resseguro ;130538569.03999999
Contratos NÃÂ£o Estipulados;129396927.1
Fretes e Carretos;129140313.5
Despesas Operacionais de Outras Atividades (ConfederaÃÂ§ÃÂµes e FederaÃÂ§ÃÂµes de Cooperativas);125859063.71
DESPESAS COM IMÃÂVEIS DESTINADOS ÃÂ RENDA OU VENDA;121668624.18
Despesas com ImÃÂ³veis Destinados ÃÂ  Renda ou Venda;121668624.18
CONTRAPRESTAÃÂÃÂO PECUNIÃÂRIA/PRÃÂMIOS RECEBIDOS ANTECIPADAMENTE - ASSISTÃÂNCIA ODONTOLÃÂGICA;120964958.50999999
Coletivo com Administradora de BenefÃÂ­cios  como Estipulante - Reembolso;119465589.16
Ajuda de Custo;119247687.43
DÃÂ©bitos com AdministraÃÂ§ÃÂ£o de Programas ou Fundos de Custeio de Despesas de AssistÃÂªncia ÃÂ  SaÃÂºde;118445465.17
Receitas Operacionais de Outras Atividades (ConfederaÃÂ§ÃÂµes e FederaÃÂ§ÃÂµes de Cooperativas);116070756.31
Outras Receitas ;115927845.41999999
Outras Receitas de PrestaÃÂ§ÃÂ£o de ServiÃÂ§os ;115433199.53
DESPESAS COM INSTRUÃÂÃÂO;115131316.52
DESPESAS COM FORMAÃÂÃÂO PROFISSIONAL;115131316.52
OUTRAS RECEITAS DE PRESTAÃÂÃÂO DE SERVIÃÂOS DE ADMINISTRADORA DE BENEFÃÂCIOS;114431066.66
Outras Receitas de PrestaÃÂ§ÃÂ£o  de ServiÃÂ§os de Administradora de BenefÃÂ­cios;114431066.66
Outras Receitas de PrestaÃÂ§ÃÂ£o de ServiÃÂ§os de Administradora de BenefÃÂ­cios;114431066.66
ProvisÃÂµes para Outras ContingÃÂªncias;114030017.64
HonorÃÂ¡rios;113260689.29
Despesas com Seguros;112333900.67
OPERADORAS DE PLANOS DE ASSISTÃÂNCIA ODONTOLÃÂGICA;110773772.79
Outras despesas;110593985.13999999
Juros - PESL;109751711.86
Brindes;108325526.09
ADMINISTRADORA DE BENEFÃÂCIOS - OUTROS CRÃÂDITOS OPERACIONAIS;103947868.66
IntangÃÂ­vel;103160766.37
ReclamaÃÂ§ÃÂµes Judiciais;102099251.24
DESPESAS ANTECIPADAS DE LONGO PRAZO;101495471.64
Multas administrativas da ANS nÃÂ£o parceladas;101161012.89
InscriÃÂ§ÃÂµes;100554144.56
Cobertura Assistencial com PreÃÂ§o PÃÂ³s-estabelecido - Coletivos por AdesÃÂ£o;100362884.63
ContraprestaÃÂ§ÃÂµes PecuniÃÂ¡rias/PrÃÂªmios a Repassar - Contratos NÃÂ£o Estipulados;97900931.82000001
Despesas com Taxa de AdministraÃÂ§ÃÂ£o - Administradora de BenefÃÂ­cios;95669613.99
Administradores Despesas com ParticipaÃÂ§ÃÂ£o nos Lucros e Resultados;94315301.68
CrÃÂ©ditos a Receber de Outras Atividades Operacionais;89328340.1
Programas Assistenciais e Culturais aos Participantes;89319593.39999999
Receitas com AÃÂ§ÃÂµes;88488653.16
COMERCIALIZAÃÂÃÂO SOBRE OPERAÃÂÃÂES DE ASSISTÃÂNCIA ODONTOLÃÂGICA;86291182.71
RECEITAS COM OUTROS TÃÂTULOS DE RENDA FIXA - PÃÂBLICOS;85030416.26
Arrendamento Mercantil;84844376.16
ConfecÃÂ§ÃÂ£o de Carteiras/Livro de Credenciamento;83844425.42
Receitas de Juros de Capital PrÃÂ³prio;82168204.48
RECEITAS DE JUROS DE CAPITAL PRÃÂPRIO;82168204.48
FormaÃÂ§ÃÂ£o Profissional;81907032.47
ContraprestaÃÂ§ÃÂ£o PecuniÃÂ¡ria a Restituir;78103636.17
Despesas com AquisiÃÂ§ÃÂ£o de Carteiras;73296711.07
Caixa;72419187.67
ContribuiÃÂ§ÃÂ£o Social Sobre o Lucro LÃÂ­quido -CSLL;70064601.86
DÃÂ©bitos com AquisiÃÂ§ÃÂ£o de Carteira de BeneficiÃÂ¡rios de Planos de SaÃÂºde;69444524.84
Despesas de Ajuste a Valor Presente;64096089.45
CombustÃÂ­vel;63230959.589999996
Notas PromissÃÂ³rias;61932896.9
PROGRAMAS ASSISTENCIAIS E CULTURAIS AOS PARTICIPANTES;59546395.6
HonorÃÂ¡rios do Conselho Fiscal;57500360.36
ProvisÃÂ£o para Ressarcimento ao SUS (sem GRU, excedente ao hc x ABI);57015008.82
PROVISÃÂES PARA OUTRAS CONTINGÃÂNCIAS;57015008.82
Multas Administrativas diversas;56506290.17
FÃÂ©rias Indenizadas;56098867.86
TAXA DE ADMINISTRAÃÂÃÂO PLANOS ODONTOLÃÂGICOS;54957162.79
Taxa de AdministraÃÂ§ÃÂ£o de BenefÃÂ­cios - OdontolÃÂ³gicos;54957162.79
HonorÃÂ¡rios do Conselho Consultivo;53050513.57
Receitas com DepÃÂ³sitos de ContraprestaÃÂ§ÃÂµes de AssistÃÂªncia MÃÂ©dico-Hospitalar;52371614.67
ImplantaÃÂ§ÃÂ£o de Planos;51255677.84
Direitos Resultantes da Venda de Carteira de BeneficiÃÂ¡rios de Planos de SaÃÂºde;50700816.1
Programas de Boas PrÃÂ¡ticas em AtenÃÂ§ÃÂ£o ÃÂ  SaÃÂºde;49283275.76
CrÃÂ©ditos com AdministraÃÂ§ÃÂ£o de Programas ou Fundos de Custeio de Despesas MÃÂ©dico-Hospitalar;48327845.769999996
Despesas Financeiras com OperaÃÂ§ÃÂµes de AssistÃÂªncia OdontolÃÂ³gica;48220706.28
VARIAÃÂÃÂO DAS PROVISÃÂES TÃÂCNICAS DE ASSISTÃÂNCIA ODONTOLÃÂGICA;47659850.89
VariaÃÂ§ÃÂ£o das ProvisÃÂµes TÃÂ©cnicas de AssistÃÂªncia OdontolÃÂ³gica;47659850.89
ParticipaÃÂ§ÃÂ£o em Rede Hospitalar;47641343.98
ContribuiÃÂ§ÃÂ£o Sindical;46885177.03
AtualizaÃÂ§ÃÂ£o monetÃÂ¡ria - PESL;46005854.47
Administradores;45457825.24
RECEITAS COM AÃÂÃÂES;44244326.58
Programas ou Fundos para Custeio de Despesas MÃÂ©dico Hospitalres;44243866.26
ProvisÃÂ£o para multas administrativas diversas;44113671.31
AmortizaÃÂ§ÃÂ£o com AquisiÃÂ§ÃÂ£o de Carteiras;43609926.11
DESPESAS DE AJUSTES A VALOR PRESENTE;42730726.3
EmprÃÂ©stimos HipotecÃÂ¡rios;40107345.76
Receitas com Venda de Carteira;36614121.48
RepresentaÃÂ§ÃÂ£o Social;35614229.95
InstruÃÂ§ÃÂ£o;33224284.05
Receitas com AdministraÃÂ§ÃÂ£o de IntercÃÂ¢mbio Eventual - AssistÃÂªncia OdontolÃÂ³gica  ;32507566.53
Receitas com AdministraÃÂ§ÃÂ£o de  IntercÃÂ¢mbio Eventual  -  AssistÃÂªncia OdontolÃÂ³gica  ;32507566.53
RECEITAS COM ADMINISTRAÃÂÃÂO DE INTERCÃÂMBIO EVENTUAL - ASSISTÃÂNCIA ODONTOLÃÂGICA;32507566.53
OUTRAS - ODONTOLÃÂGICAS;31050335.96
Despesas Judiciais de Eventos/Sinistros OdontolÃÂ³gicos;31035580.64
Despesas com Outros TÃÂ­tulos de Renda VariÃÂ¡vel;29858986.7
RECEITAS COM DEPÃÂSITOS DE CONTRAPRESTAÃÂÃÂES;27551750.36
RECEITAS COM DEPÃÂSITOS DE CONTRAPRESTAÃÂÃÂES DE ASSISTÃÂNCIA MÃÂDICO-HOSPITALAR;27551237.95
Outros Bens a Venda;27019520.95
AluguÃÂ©is a Receber;24850743.27
PROGRAMAS DE BOAS PRÃÂTICAS EM ATENÃÂÃÂO ÃÂ SAÃÂDE;24641637.88
DESPESAS FINANCEIRAS COM OPERAÃÂÃÂES DE ASSISTÃÂNCIA ODONTOLÃÂGICA;24110353.14
ProvisÃÂ£o para ReduÃÂ§ÃÂ£o ao Valor RecuperÃÂ¡vel do Ativo relacionado a AquisiÃÂ§ÃÂ£o de Carteiras;23606945.34
ParticipaÃÂ§ÃÂ£o em Lucros a Receber;22379541.01
CRÃÂDITOS A RECEBER DE PRESTAÃÂÃÂO DE SERVIÃÂOS DE ASSISTÃÂNCIA ODONTOLÃÂGICA;21993392.01
Contas a Receber de PrestaÃÂ§ÃÂ£o de ServiÃÂ§os OdontolÃÂ³gica;21993392.01
DESPESAS DE AJUSTE A VALOR PRESENTE;21365363.15
Despesas com PublicaÃÂ§ÃÂµes;21342930.96
Perda por ReduÃÂ§ÃÂ£o ao Valor RecuperÃÂ¡vel;21290768.240000002
Despesas com InspeÃÂ§ÃÂ£o de Riscos;20787510.580000002
ReversÃÂ£o da ProvisÃÂ£o Sobre Taxa de AdministraÃÂ§ÃÂ£o de BenefÃÂ­cios a Receber;19058510.169999998
Multas administrativas diversas;18924142.4
RECEITAS DE AJUSTES A VALOR PRESENTE;18222276.87
Receitas de Ajustes a Valor Presente;18222276.87
Outros CrÃÂ©ditos de OperaÃÂ§ÃÂµes de AssistÃÂªncia OdontolÃÂ³gica;17797366.46
Despesas com Programa de Boas PrÃÂ¡ticas em AtenÃÂ§ÃÂ£o ÃÂ  SaÃÂºde  - NÃÂ£o Aprovados pela DIDES;17158204.59
PARTICIPAÃÂÃÂO DOS BENEFICIÃÂRIOS EM EVENTOS/SINISTROS INDENIZADOS DE ASSISTÃÂNCIA ODONTOLÃÂGICA;16829867.580000002
DepÃÂ³sitos;16812483.81
Ganho por compra vantajosa (desÃÂ¡gio);16728094.22
Incentivos Fiscais;16120765.9
INCENTIVOS FISCAIS;16120765.9
Outras ProvisÃÂµes para DesvalorizaÃÂ§ÃÂ£o;15137727.24
DESPESAS COM OUTROS TÃÂTULOS DE RENDA VARIÃÂVEL;14929493.35
Faturas a Receber de PrestaÃÂ§ÃÂ£o de ServiÃÂ§os;14619528.559999999
Despesas com AÃÂ§ÃÂµes;14167733.66
ConservaÃÂ§ÃÂ£o e Reparos;10810850.799999999
ReversÃÂ£o da Prov. Sobre Contraprest. PecuniÃÂ¡rias/PrÃÂªmios a Receber de Assist. OdontolÃÂ³gica;10740451.65
Outras ComissÃÂµes Diferidas ÃÂ¿ AssistÃÂªncia OdontolÃÂ³gica;10188824.5
Impostos Estaduais;9035094.22
ProvisÃÂ£o Sobre CrÃÂ©ditos de OperaÃÂ§ÃÂµes de AssistÃÂªncia OdontolÃÂ³gica NÃÂ£o Relacionadas com Plano de SaÃÂºde;8907353.07
ConfecÃÂ§ÃÂ£o de Carteiras;8410058.57
ContraprestaÃÂ§ÃÂµes/PrÃÂªmios a Restituir de AssistÃÂªncia OdontolÃÂ³gica;8389545.32
Impostos, Taxas e Seguros;8269562.69
Taxa de SaÃÂºde Suplementar - TSS;8127392.06
DÃÂ©bitos de AdministraÃÂ§ÃÂ£o de BenefÃÂ­cios de Planos de AssistÃÂªncia OdontolÃÂ³gica;7548903.38
DÃÂBITOS DE ADMINISTRAÃÂÃÂO DE BENEFÃÂCIOS DE PLANOS DE ASSISTÃÂNCIA ODONTOLÃÂGICA;7548903.38
Despesas com Programa de Boas PrÃÂ¡ticas em AtenÃÂ§ÃÂ£o ÃÂ  SaÃÂºde  - Aprovados pela DIDES;7483433.29
OUTROS CRÃÂDITOS DE OPERAÃÂÃÂES DE ASSISTÃÂNCIA ODONTOLÃÂGICA;7403562.83
ProvisÃÂ£o para DesvalorizaÃÂ§ÃÂ£o;7335379.6899999995
DESPESAS COM OPERAÃÂÃÂES DE INTERCÃÂMBIO EVENTUAL ODONTOLÃÂGICO;7242353.16
DESPESAS COM AÃÂÃÂES;7083866.83
PrÃÂªmio de Resseguro Diferido com Planos de AssistÃÂªncia MÃÂ©dico-Hospitalar;6917589.12
Direitos Resultantes da Venda de Carteira;6786174.0
ReversÃÂ£o da ProvisÃÂ£o Sobre Outros CrÃÂ©ditos de Administradora de BenefÃÂ­cios;6760579.1
Taxa de AdministraÃÂ§ÃÂ£o com Plano de Assitencia OdontolÃÂ³gica;6470505.470000001
Reembolso Despesas Cadastrais;6310935.359999999
ProvisÃÂ£o para DesvalorizaÃÂ§ÃÂ£o de TÃÂ­tulos de Renda VariÃÂ¡vel;6286322.890000001
Gastos com AquisiÃÂ§ÃÂ£o de Carteiras;6079839.62
ADMINISTRAÃÂÃÂO DE BENEFÃÂCIOS DE ASSISTÃÂNCIA ODONTOLÃÂGICA;5126701.61
AdministraÃÂ§ÃÂ£o de BenefÃÂ­cios de AssistÃÂªncia OdontolÃÂ³gica;5126701.61
Outras Despesas de Resseguro;4874533.2
AÃÂ§ÃÂµes e Ouro;4790860.19
RecuperaÃÂ§ÃÂ£o de Custos de EmissÃÂ£o de ApÃÂ³lices;4752241.96
CONTRAPRESTAÃÂÃÂES/PRÃÂMIOS A RESTITUIR DE ASSISTÃÂNCIA ODONTOLÃÂGICA;4194772.66
ContraprestaÃÂ§ÃÂµes/PrÃÂªmios a Receber;4179620.78
COBERTURA ASSISTENCIAL ODONTOLÃÂGICA;4092526.98
Outros DÃÂ©bitos de OperaÃÂ§ÃÂµes com Planos de AssistÃÂªncia OdontolÃÂ³gica;4078143.98
Reserva de Incentivos Fiscais;4038472.29
Reservas de ReavaliaÃÂ§ÃÂ£o - Coligadas e Controladas;4012754.19
Outros CrÃÂ©ditos Operacionais de PrestaÃÂ§ÃÂ£o de ServiÃÂ§o OdontolÃÂ³gico;3965972.53
AÃÂ§ÃÂµes de Incentivos Fiscais;3904781.38
OUTROS DÃÂBITOS DE OPERAÃÂÃÂES COM PLANOS DE ASSISTÃÂNCIA ODONTOLÃÂGICA;3502516.02
DESPESAS DE RESSEGURO DIFERIDAS;3458794.56
PrÃÂªmio de Resseguro Diferido;3458794.56
PRÃÂMIO DE RESSEGURO DIFERIDO COM PLANOS DE ASSISTÃÂNCIA MÃÂDICO-HOSPITALAR;3458794.56
DIREITOS RESULTANTES DA VENDA DE CARTEIRAS;3393087.0
OUTRAS DESPESAS DE RESSEGURO;3249688.8
ParticipaÃÂ§ÃÂ£o em Rede Assistencial NÃÂ£o Hospitalar;3182751.13
AÃÂ§ÃÂµes/Quotas de Empresas - Coligadas;2897904.39
Receitas com Outros DepÃÂ³sitos e Fundos Retidos de ContraprestaÃÂ§ÃÂµes de AssistÃÂªncia MÃÂ©dico-Hospitalar;2730861.23
CondomÃÂ­nio;2326161.25
Outros DÃÂ©bitos de OperaÃÂ§ÃÂµes com Planos de  AssistÃÂªncia OdontolÃÂ³gica;2039143.08
OscilaÃÂ§ÃÂ£o Cambial;1051988.0
RESSEGUROS;1028306.3700000001
Derivativos com LiquidaÃÂ§ÃÂ£o em Sistema de LiquidaÃÂ§ÃÂ£o Autorizado pelo BACEN, interpondo-se ÃÂ  cÃÂ¢mara como contraparte central;1009941.4
Despesas com ServiÃÂ§os de Terceiros;902348.99
APURAÃÂÃÂO DE CUSTOS;853617.76
ProvisÃÂ£o para DesvalorizaÃÂ§ÃÂ£o de TÃÂ­tulos de Renda Fixa - PÃÂºblicos;851882.18
RecuperaÃÂ§ÃÂ£o por co-participaÃÂ§ÃÂ£o na cobertura com preÃÂ§o pÃÂ³s-estabelecido com corresponssabilidade cedida em preÃÂ§o preestabelecido;770516.3099999999
ProvisÃÂ£o Sobre Outros CrÃÂ©ditos de Administradora de BenefÃÂ­cios - AssistÃÂªncia OdontolÃÂ³gica;598516.36
Receitas com ParticipaÃÂ§ÃÂµes em Lucros de Resseguros;556827.04
CONTAS TRANSITÃÂRIAS - APURAÃÂÃÂO DE CUSTOS;426808.87999999995
Outras ProvisÃÂµes TÃÂ©cnicas - ObrigatÃÂ³rias;389185.63
VariaÃÂ§ÃÂ£o cambial - PESL;369439.69999999995
Co - Seguradoras ;342300.01
ReversÃÂ£o da ProvisÃÂ£o Sobre Demais CrÃÂ©ditos de OperaÃÂ§ÃÂµes de Assist. OdontolÃÂ³gica;217217.16999999998
Cosseguro Cedido;196218.99
Cosseguro Aceito;146081.02
Programas ou Fundos para Custeio de Despesas OdontolÃÂ³gicas;51285.48
CrÃÂ©ditos com AdministraÃÂ§ÃÂ£o de Programas ou Fundos de Custeio de Despesas OdontolÃÂ³gica;5459.47
Quotas de Fundos;4366.54
Cosseguros;1896.6399999999999
Receitas com DepÃÂ³sitos  de ContraprestaÃÂ§ÃÂµes de AssistÃÂªncia MÃÂ©dico-Hospitalar;1024.82
COSSEGUROS;948.3199999999999
RECEITAS COM DEPÃÂSITOS DE CONTRAPRESTAÃÂÃÂES DE ASSISTÃÂNCIA ODONTOLÃÂGICA;512.41
DÃÂ©bitos com Programas ou Fundos para Custeio de Despesas de AssistÃÂªncia OdontolÃÂ³gica;142.18
ComissÃÂ£o/Agenciamento de Cosseguro Aceito;0.0
CrÃÂ©ditos em Programas ou Fundos para Custeio de Despesas de AssistÃÂªncia OdontolÃÂ³gica;0.0
Co - Seguradoras - Cosseguro Aceito;0.0
Coletivo com Administradora de BenefÃÂ­cios como Estipulante - Reembolso;0.0
Outros CrÃÂ©ditos;0.0
Receitas com OperaÃÂ§ÃÂµes de AssistÃÂªncia OdontolÃÂ³gica (SUS);0.0
PRÃÂMIO DE RESSEGURO DIFERIDO COM PLANOS DE ASSISTÃÂNCIA ODONTOLÃÂGICO;0.0
Derivativos sem LiquidaÃÂ§ÃÂ£o em Sistema de LiquidaÃÂ§ÃÂ£o Autorizado pelo BACEN, interpondo-se ÃÂ  cÃÂ¢mara como contraparte central;0.0
RECEITAS COM OPERAÃÂÃÂES DE ASSISTÃÂNCIA ODONTOLÃÂGICA (SUS);0.0
Despesa com ProvisÃÂ£o para Riscos sobre Aluguel a Receber;0.0
Premios Emitidos - Cosseguro Aceito;0.0
PrÃÂªmio de Resseguro Diferido com Planos de AssistÃÂªncia OdontolÃÂ³gico;0.0
ComercializaÃÂ§ÃÂ£o;0.0
ComissÃÂ£o/Agenciamentos de Cosseguro Aceito;0.0
Sinistros;0.0
Tributos Estaduais;-170805.6
(-) ProvisÃÂ£o para DesvalorizaÃÂ§ÃÂ£o - TÃÂ­tulos Patrimoniais;-574912.86
(-) Outras RecuperaÃÂ§ÃÂµes;-814578.32
(-) Terrenos;-838716.09
(-) ReversÃÂ£o da ProvisÃÂ£o Sobre Demais CrÃÂ©ditos de OperaÃÂ§ÃÂµes de Assist. OdontolÃÂ³gica;-909615.45
(-) DeduÃÂ§ÃÂ£o de Outras Receitas PrestaÃÂ§ÃÂ£o de ServiÃÂ§os;-1002132.87
(-) RecuperaÃÂ§ÃÂ£o de Despesas Patrimoniais;-1083913.99
Co-seguro Aceito;-2613826.9099999983
(-) ProvisÃÂ£o para DesvalorizaÃÂ§ÃÂ£o de Incentivos Fiscais;-3710543.58
(-) RECUPERAÃÂÃÂO DE OUTRAS DESPESAS OPERACIONAIS DE ASSISTÃÂNCIA ODONTOLÃÂGICA;-3791329.32
(-) Acionistas / Cotistas Exterior;-4240000.0
(-) ProvisÃÂ£o para perda por reduÃÂ§ÃÂ£o de valor recuperÃÂ¡vel;-5635747.75
(-) DeduÃÂ§ÃÂ£o de Despesas com PrestaÃÂ§ÃÂ£o de ServiÃÂ§os - SUS;-6021965.64
RecuperaÃÂ§ÃÂ£o por co-participaÃÂ§ÃÂ£o na cobertura com preÃÂ§o peestabelecido com corresponssabilidade cedida em preÃÂ§o preestabelecido;-6512749.96
(-) RecuperaÃÂ§ÃÂ£o de Outras Despesas Operacionais de AssistÃÂªncia OdontolÃÂ³gica;-7582658.64
(-) TRIBUTOS DIRETOS DE OUTRAS ATIVIDADES DE ASSISTÃÂNCIA ODONTOLÃÂGICA;-8693014.84
(-) EdificaÃÂ§ÃÂµes;-11147314.06
(-) Marcas Comerciais;-12401984.78
(-)RECUPERAÃÂÃÂO DE DESPESAS DE COMERCIALIZAÃÂÃÂO SOBRE CONTRAPRESTAÃÂÃÂES / PRÃÂMIOS CANCELADAS(OS)/RESTITUÃÂDAS(OS) DE ASSISTÃÂNCIA ODONTOLÃÂGICA;-13063829.049999999
Outros Ajustes de AvaliaÃÂ§ÃÂ£o Patrimonial - Coligadas e Controladas;-15760789.900000006
(-) ProvisÃÂ£o para DesvalorizaÃÂ§ÃÂ£o - Outros Investimentos;-16959584.35
(-) Tributos Diretos de Outras OperaÃÂ§ÃÂµes de AssistÃÂªncia OdontolÃÂ³gica;-17386029.68
(-) Tributos Estaduais;-17817252.95
(-)RecuperaÃÂ§ÃÂ£o de Despesas de ComercializaÃÂ§ÃÂ£o sobre ContraprestaÃÂ§ÃÂµes/PrÃÂªmios Canceladas (os)/RestituÃÂ­das (o) de AssistÃÂªncia OdontolÃÂ³gica;-18140895.25
(-) ContribuiÃÂ§ÃÂ£o Social - CSLL;-22548654.400000002
(-) Outros Ativos IntangÃÂ­veis;-35135583.17
Cobertura Assistencial com PreÃÂ§o PÃÂ³s-estabelecido com Corresponsabilidade Cedida em PreÃÂ§o Preestabelecido;-36962755.730000004
(-) ProvisÃÂ£o para DesvalorizaÃÂ§ÃÂ£o de TÃÂ­tulos de Renda VariÃÂ¡vel;-40955098.980000004
(-) AquisiÃÂ§ÃÂ£o de Carteira de Plano de AssistÃÂªncia ÃÂ  SaÃÂºde;-45232253.96
(-) Imposto de Renda Pessoa JurÃÂ­dica - IRPJ;-57874621.43
(-) OUTRAS DEDUÃÂÃÂES DAS CONTRAPRESTAÃÂÃÂES/PRÃÂMIOS DE ASSISTÃÂNCIA ODONTOLÃÂGICA;-59162649.82
(-) ReversÃÂ£o da ProvisÃÂ£o Sobre Outros CrÃÂ©ditos de Administradora de BenefÃÂ­cios;-71274408.89999999
(-) DeduÃÂ§ÃÂ£o de Receitas com o SUS;-79925955.77
(-) TRIBUTOS DIFERIDOS;-80423275.83
VARIAÃÂÃÂO DA PROVISÃÂO DE EVENTOS/SINISTROS OCORRIDOS E NÃÂO AVISADOS DE ASSISTÃÂNCIA ODONTOLÃÂGICA;-88583973.15
(-) AmortizaÃÂ§ÃÂ£o de Marcas Comerciais;-125498032.74
(-) ProvisÃÂ£o para perda por reduÃÂ§ÃÂ£o de valore recuperÃÂ¡vel;-138420765.85
Cobertura Assistencial com PreÃÂ§o Preestabelecido Planos Individuais/Familiares antes da Lei;-139071700.47
ContraprestaÃÂ§ÃÂµes PecuniÃÂ¡rias;-155860292.2
(-) Tributos Diferidos;-160846551.66
VariaÃÂ§ÃÂ£o da ProvisÃÂ£o de Eventos/Sinistros Ocorridos e NÃÂ£o Avisados de AssistÃÂªncia OdontolÃÂ³gica;-177167946.3
(-) DepreciaÃÂ§ÃÂ£o Acumulada;-177701774.01
(-) ProvisÃÂ£o para perda por reduÃÂ§ÃÂ£o ao valor recuperÃÂ¡vel;-186904976.64000002
(-) ReversÃÂ£o da ProvisÃÂ£o Sobre Taxa de AdministraÃÂ§ÃÂ£o de BenefÃÂ­cios a Receber;-240789201.59
(-) ProvisÃÂ£o para DesvalorizaÃÂ§ÃÂ£o;-242840299.69
(-) Impostos sobre Faturamento;-255189935.59
(-) Gastos com PromoÃÂ§ÃÂ£o e PrevenÃÂ§ÃÂ£o ÃÂ  SaÃÂºde;-255892378.09
(-) CONTRAPRESTAÃÂÃÂES DE CORRESPONSABILIDADE CEDIDA DE ASSISTÃÂNCIA ODONTOLÃÂGICA;-324974391.22999996
(-) ProvisÃÂ£o para DesvalorizaÃÂ§ÃÂ£o de Outras AplicaÃÂ§ÃÂµes;-351708212.20000005
(-) Outras;-401829343.13
Planos Coletivos por AdesÃÂ£o depois da Lei;-428092104.43
(-) Sistema de ComputaÃÂ§ÃÂ£o;-431774784.19
OUTROS AJUSTES DE AVALIAÃÂÃÂO PATRIMONIAL;-454397428.36
(-)ProvisÃÂ£o para Perdas Sobre CrÃÂ©ditos;-459972073.94
(-) ProvisÃÂ£o para Perda por ReduÃÂ§ÃÂ£o ao Valor RecuperÃÂ¡vel;-526297041.65000004
(-) TRIBUTOS DIRETOS DE OPERAÃÂÃÂES DE ASSISTÃÂNCIA ODONTOLÃÂGICA;-531761270.45
Cobertura Assistencial com PreÃÂ§o PÃÂ³s-estabelecido com Corresponsabilidade Cedida em PreÃÂ§o PÃÂ³s-estabelecido (Taxa de AdministraÃÂ§ÃÂ£o);-532504968.0
(-)RECUPERAÃÂÃÂO DE DESPESAS DE COMERCIALIZAÃÂÃÂO SOBRE CONTRAPRESTAÃÂÃÂES / PRÃÂMIOS CANCELADAS(OS)/RESTITUÃÂDAS(OS) DE ASSISTÃÂNCIA MÃÂDICO-HOSPITALAR;-540670497.13
(-)RECUPERAÃÂÃÂO DE DESPESAS DE COMERCIALIZAÃÂÃÂO SOBRE CONTRAPRESTAÃÂÃÂES / PRÃÂMIOS CANCELADAS(OS)/RESTITUÃÂDAS(OS) DE ASSISTÃÂNCIA A SAUDE;-553734326.12
(-) ProvisÃÂ£o para DesvalorizaÃÂ§ÃÂ£o de TÃÂ­tulos de Renda Fixa - PÃÂºblicos;-617760380.4
(-) TRIBUTOS DIRETOS DE OUTRAS ATIVIDADES DE ASSISTÃÂNCIA MÃÂDICO-HOSPITALAR;-641841745.58
(-) RECUPERAÃÂÃÂO DE OUTRAS DESPESAS OPERACIONAIS DE ASSISTÃÂNCIA MÃÂDICO-HOSPITALAR;-653227949.4
(-) RECUPERAÃÂÃÂO DE OUTRAS DESPESAS OPERACIONAIS DE ASSISTÃÂNCIA A SAÃÂDE;-657019278.72
Outros Ajustes de AvaliaÃÂ§ÃÂ£o Patrimonial;-665835352.64
(-)RecuperaÃÂ§ÃÂ£o de Despesas de ComercializaÃÂ§ÃÂ£o sobre ContraprestaÃÂ§ÃÂµes/PrÃÂªmios Canceladas (os)/RestituÃÂ­das(os) de AssistÃÂªncia MÃÂ©dico-Hospitalar;-691453723.13
(-) AntecipaÃÂ§ÃÂ£o de CSLL;-757187732.96
PrÃÂªmios de Seguro;-795748067.96
(-) ProvisÃÂ£o para DesvalorizaÃÂ§ÃÂ£o de TÃÂ­tulos de Renda Fixa - Privados;-849805181.62
(-) DeduÃÂ§ÃÂ£o de Receitas com PrestaÃÂ§ÃÂ£o de ServiÃÂ§os;-872104968.16
APURAÃÂÃÂO DE CUSTOS COM PRESTAÃÂÃÂO DE SERVIÃÂOS;-922043698.82
(-) Acionistas / Cotistas PaÃÂ­s;-977766733.78
(-) Tributos Diretos de OperaÃÂ§ÃÂµes de AssistÃÂªncia OdontolÃÂ³gica;-1063367484.57
(-) ReversÃÂ£o da Despesa;-1097214738.67
ContraprestaÃÂ§ÃÂµes;-1223711703.25
(-) Tributos Diretos de Outras OperaÃÂ§ÃÂµes de AssistÃÂªncia MÃÂ©dico-Hospitalar;-1283683491.16
(-) RecuperaÃÂ§ÃÂ£o de Outras Despesas Operacionais de AssistÃÂªncia MÃÂ©dico-Hospitalar;-1306455898.8
(-) Ajuste a Valor Presente;-1325268583.51
ApuraÃÂ§ÃÂ£o de Custos com PrestaÃÂ§ÃÂ£o de ServiÃÂ§os;-1383065548.23
Descontos;-1392234997.06
Outras DeduÃÂ§ÃÂµes;-1451967610.82
ProvisÃÂ£o de InsuficiÃÂªncia de PrÃÂªmios/ContraprestaÃÂ§ÃÂµes;-1459521800.1799998
(-) AntecipaÃÂ§ÃÂ£o de IRPJ;-1645941294.08
Resultado TributÃÂ¡vel - MÃÂªs;-1659836977.24
(-) ReversÃÂ£o da Prov. Sobre Contraprest. PecuniÃÂ¡rias/PrÃÂªmios a Receber de Assist. OdontolÃÂ³gica;-1803758913.71
AJUSTES DE AVALIAÃÂÃÂO PATRIMONIAL;-1863496478.18
Cobertura Assistencial com PreÃÂ§o Preestabelecido com Corresponsabilidade Cedida em PreÃÂ§o PÃÂ³s-estabelecido (Taxa de AdministraÃÂ§ÃÂ£o);-1921493551.1299999
(-) TRIBUTOS DIRETOS DE OUTRAS ATIVIDADES DE ASSISTÃÂNCIA ÃÂ SAÃÂDE;-1951604281.26
(-) ACIONISTAS/COTISTAS CAPITAL A INTEGRALIZAR;-1964013467.56
(-) Acionistas / Cotistas Capital a Integralizar;-1964013467.56
(-) DeduÃÂ§ÃÂ£o de Despesas com PrestaÃÂ§ÃÂ£o de ServiÃÂ§os - Outros;-2068909618.75
(-) DeduÃÂ§ÃÂ£o de Despesas com PrestaÃÂ§ÃÂ£o de ServiÃÂ§os;-2074931584.39
Outras ProvisÃÂµes;-2090476070.88
Dividendos antecipados;-2328833839.96
VARIAÃÂÃÂO DAS PROVISÃÂES TÃÂCNICAS DE ASSISTÃÂNCIA MÃÂDICO-HOSPITALAR;-2345190621.56
VariaÃÂ§ÃÂ£o das ProvisÃÂµes TÃÂ©cnicas de AssistÃÂªncia MÃÂ©dico-Hospitalar;-2345190621.56
(-) AmortizaÃÂ§ÃÂ£o da AquisiÃÂ§ÃÂ£o de Carteira de Plano de AssistÃÂªncia ÃÂ  SaÃÂºde;-2546272195.0
(-) AmortizaÃÂ§ÃÂ£o de Outros Ativos IntangÃÂ­veis;-2836010742.32
Cobertura Assistencial com PreÃÂ§o Preestabelecido com Corresponsabilidade Cedida em PreÃÂ§o Preestabelecido;-2917129976.58
(-) reversÃÂ£o da ProvisÃÂ£o Sobre Demais CrÃÂ©ditos de OperaÃÂ§ÃÂµes de Assist. MÃÂ©d-Hospitalar;-2927782427.2799997
(-) ReversÃÂ£o da ProvisÃÂ£o Sobre CrÃÂ©ditos de Oper. Assist. NÃÂ£o Relacionadas com Plano de SaÃÂºde;-3003214986.51
DESCONTOS - ASSISTÃÂNCIA MÃÂDICO HOSPITALAR;-3228362268.91
GANHOS E PERDAS NÃÂO REALIZADOS COM TÃÂTULOS E VALORES MOBILIÃÂRIOS;-3272595527.8199997
(-)OUTRAS DEDUÃÂÃÂES DAS CONTRAPRESTAÃÂÃÂES / PRÃÂMIOS;-3287524918.73
DIVIDENDOS;-3493250759.94
Abatimento Concedido;-3730847229.6
(-) AÃÂ§ÃÂµes em Tesouraria;-4142102100.96
(-) AÃÂÃÂES EM TESOURARIA;-4142102100.96
VARIAÃÂÃÂO DAS PROVISÃÂES TÃÂCNICAS DE OPERAÃÂÃÂES DE ASSISTÃÂNCIA ÃÂ SAÃÂDE;-4595061541.34
(-) Tributos Municipais;-4703169178.89
(-) CONTRAPRESTAÃÂÃÂES DE CORRESPONSABILIDADE CEDIDA DE ASSISTÃÂNCIA MÃÂDICO-HOSPITALAR;-5088859093.91
(-) Tributos Federais;-5111918736.88
Ganhos e Perdas NÃÂ£o Realizados com TÃÂ­tulos e Valores MobiliÃÂ¡rios;-5144364606.3
(-) Outras RecuperaÃÂ§ÃÂµes ;-5340468340.03
(-) CONTRAPRESTAÃÂÃÂES DE CORRESPONSABILIDADE CEDIDA DE ASSISTÃÂNCIA A SAÃÂDE;-5413833485.1
(-) DepreciaÃÂ§ÃÂ£o/amortizaÃÂ§ÃÂ£o acumulada;-7686368737.9
(-) TRIBUTOS DIRETOS DE OPERAÃÂÃÂES DE ASSISTÃÂNCIA MÃÂDICO-HOSPITALAR;-7933997942.2
(-) TRIBUTOS DIRETOS DE OPERAÃÂÃÂES DE ASSISTÃÂNCIA ÃÂ SAÃÂDE;-8465759212.6
(-) AmortizaÃÂ§ÃÂ£o do Sistema de ComputaÃÂ§ÃÂ£o;-9043833149.55
(-) ReversÃÂ£o de ProvisÃÂ£o para ContingÃÂªncias;-9657296230.62
Perda do PerÃÂ­odo ÃÂ  DisposiÃÂ§ÃÂ£o da A.G.O.;-10192884318.66
(-) ReversÃÂ£o da Prov. Sobre Contraprest. PecuniÃÂ¡rias/PrÃÂªmios a Receber de Assist. MÃÂ©d-Hospitalar;-14746536607.23
(-) AmortizaÃÂ§ÃÂ£o Acumulada;-14805754062.1
(-) Tributos Diretos de OperaÃÂ§ÃÂµes de AssistÃÂªncia MÃÂ©dico-Hospitalar;-16584762136.42
(-) TRIBUTOS DIRETOS DE OPERAÃÂÃÂES COM PLANOS DE ASSISTÃÂNCIA ÃÂ SAÃÂDE DA OPERADORA;-16931518425.2
RESULTADO - COOPERATIVAS;-18057172997.260002
Resultado - Cooperativas;-18057172997.260002
LUCROS/PREJUÃÂZOS-SUPERÃÂVITS/DÃÂFICITS ACUMULADOS;-19768845191.68
Lucros/SuperÃÂ¡vits ou PrejuÃÂ­zos/DÃÂ©ficits Apurados;-19768845191.68
LUCROS/PREJUÃÂZOS-SUPERÃÂVITS/DÃÂFICITS ACUMULADOS ou RESULTADO;-20077426015.06
(-) RecuperaÃÂ§ÃÂ£o por Co-ParticipaÃÂ§ÃÂ£o;-20812720518.73
(-) ProvisÃÂ£o para Perdas Sobre CrÃÂ©ditos;-22726658230.6
(-) DepreciaÃÂ§ÃÂ£o acumulada;-24984341293.58
PrejuÃÂ­zos/DÃÂ©ficits Apurados;-38776392825.7
(-) Glosas;-79307575071.01
(-) RecuperaÃÂ§ÃÂ£o por Reembolso do Contratante;-87869919236.91
